,Source,eType,Target,Time,Weight,SourceLocation,TargetLocation,SourceLatitude,SourceLongitude,TargetLatitude,TargetLongitude,Epoch,formatted_Time,day,source_target,demo_category
0,614761,4,514306,-209742644,0.1,,,,,,,1525957756,"2018-05-10,10:09:16",2018-05-10,614761-514306,NA
1,614761,1,542965,1672686,1.0,1.0,2.0,-27.7842,-8.74823,-21.896,89.4,1737373086,"2025-01-20,08:38:06",2025-01-20,614761-542965,NA
2,538892,1,572391,1749455,1.0,2.0,2.0,-23.5953,91.3571,-21.1411,91.1427,1737449855,"2025-01-21,05:57:35",2025-01-21,538892-572391,NA
3,538892,0,614761,2020424,1.0,,,,,,,1737720824,"2025-01-24,09:13:44",2025-01-24,538892-614761,NA
4,614761,1,500813,2220686,1.0,1.0,1.0,-27.7842,-8.74823,-29.1714,-10.493,1737921086,"2025-01-26,16:51:26",2025-01-26,614761-500813,NA
5,500813,0,542965,2274331,1.0,,,,,,,1737974731,"2025-01-27,07:45:31",2025-01-27,500813-542965,NA
6,500813,0,614761,2380177,1.0,,,,,,,1738080577,"2025-01-28,13:09:37",2025-01-28,500813-614761,NA
7,614761,0,542965,2430149,1.0,,,,,,,1738130549,"2025-01-29,03:02:29",2025-01-29,614761-542965,NA
8,500813,1,542965,2476844,1.0,1.0,2.0,-29.1714,-10.493,-21.896,89.4,1738177244,"2025-01-29,16:00:44",2025-01-29,500813-542965,NA
9,500813,0,538892,2975300,1.0,,,,,,,1738675700,"2025-02-04,10:28:20",2025-02-04,500813-538892,NA
10,500813,1,614761,3117621,1.0,1.0,1.0,-29.1714,-10.493,-27.7842,-8.74823,1738818021,"2025-02-06,02:00:21",2025-02-06,500813-614761,NA
11,614761,1,500813,3346166,1.0,1.0,1.0,-27.7842,-8.74823,-29.1714,-10.493,1739046566,"2025-02-08,17:29:26",2025-02-08,614761-500813,NA
12,614761,0,542965,3657899,1.0,,,,,,,1739358299,"2025-02-12,08:04:59",2025-02-12,614761-542965,NA
13,538892,1,500813,3695899,1.0,2.0,1.0,-23.5953,91.3571,-29.1714,-10.493,1739396299,"2025-02-12,18:38:19",2025-02-12,538892-500813,NA
14,614761,1,572391,3942418,1.0,1.0,2.0,-27.7842,-8.74823,-21.1411,91.1427,1739642818,"2025-02-15,15:06:58",2025-02-15,614761-572391,NA
15,500813,0,572391,4119524,1.0,,,,,,,1739819924,"2025-02-17,16:18:44",2025-02-17,500813-572391,NA
16,500813,1,572391,4270415,1.0,1.0,2.0,-29.1714,-10.493,-21.1411,91.1427,1739970815,"2025-02-19,10:13:35",2025-02-19,500813-572391,NA
17,493094,0,572391,4299598,1.0,,,,,,,1739999998,"2025-02-19,18:19:58",2025-02-19,493094-572391,NA
18,536003,0,572391,4571584,1.0,,,,,,,1740271984,"2025-02-22,21:53:04",2025-02-22,536003-572391,NA
19,536003,0,493094,4606382,1.0,,,,,,,1740306782,"2025-02-23,07:33:02",2025-02-23,536003-493094,NA
20,521318,0,572391,4751398,1.0,,,,,,,1740451798,"2025-02-24,23:49:58",2025-02-24,521318-572391,NA
21,536003,0,493094,4751604,1.0,,,,,,,1740452004,"2025-02-24,23:53:24",2025-02-24,536003-493094,NA
22,493094,0,536003,4786310,1.0,,,,,,,1740486710,"2025-02-25,09:31:50",2025-02-25,493094-536003,NA
23,493094,0,521318,4803460,1.0,,,,,,,1740503860,"2025-02-25,14:17:40",2025-02-25,493094-521318,NA
24,521318,0,493094,4879592,1.0,,,,,,,1740579992,"2025-02-26,11:26:32",2025-02-26,521318-493094,NA
25,542649,0,493094,4889936,1.0,,,,,,,1740590336,"2025-02-26,14:18:56",2025-02-26,542649-493094,NA
26,493094,0,572391,5001127,1.0,,,,,,,1740701527,"2025-02-27,21:12:07",2025-02-27,493094-572391,NA
27,536003,0,572391,5047092,1.0,,,,,,,1740747492,"2025-02-28,09:58:12",2025-02-28,536003-572391,NA
28,614761,0,572391,5120855,1.0,,,,,,,1740821255,"2025-03-01,06:27:35",2025-03-01,614761-572391,NA
29,521318,0,572391,5380865,1.0,,,,,,,1741081265,"2025-03-04,06:41:05",2025-03-04,521318-572391,NA
30,572391,0,493094,5415006,1.0,,,,,,,1741115406,"2025-03-04,16:10:06",2025-03-04,572391-493094,NA
31,542649,0,493094,5549295,1.0,,,,,,,1741249695,"2025-03-06,05:28:15",2025-03-06,542649-493094,NA
32,614761,0,538892,5552690,1.0,,,,,,,1741253090,"2025-03-06,06:24:50",2025-03-06,614761-538892,NA
33,614761,1,538892,5568861,1.0,1.0,2.0,-27.7842,-8.74823,-23.5953,91.3571,1741269261,"2025-03-06,10:54:21",2025-03-06,614761-538892,NA
34,493094,0,536003,5570859,1.0,,,,,,,1741271259,"2025-03-06,11:27:39",2025-03-06,493094-536003,NA
35,572391,0,493094,5600496,1.0,,,,,,,1741300896,"2025-03-06,19:41:36",2025-03-06,572391-493094,NA
36,536003,0,493094,5657250,1.0,,,,,,,1741357650,"2025-03-07,11:27:30",2025-03-07,536003-493094,NA
37,542649,0,493094,5695888,1.0,,,,,,,1741396288,"2025-03-07,22:11:28",2025-03-07,542649-493094,NA
38,493094,0,572391,5768758,1.0,,,,,,,1741469158,"2025-03-08,18:25:58",2025-03-08,493094-572391,NA
39,500813,0,542965,5776123,1.0,,,,,,,1741476523,"2025-03-08,20:28:43",2025-03-08,500813-542965,NA
40,500813,0,614761,5822309,1.0,,,,,,,1741522709,"2025-03-09,09:18:29",2025-03-09,500813-614761,NA
41,493094,0,536003,5927475,1.0,,,,,,,1741627875,"2025-03-10,14:31:15",2025-03-10,493094-536003,NA
42,521318,0,493094,5939231,1.0,,,,,,,1741639631,"2025-03-10,17:47:11",2025-03-10,521318-493094,NA
43,572391,0,493094,5946490,1.0,,,,,,,1741646890,"2025-03-10,19:48:10",2025-03-10,572391-493094,NA
44,521318,0,572391,5953630,1.0,,,,,,,1741654030,"2025-03-10,21:47:10",2025-03-10,521318-572391,NA
45,536003,0,572391,5997711,1.0,,,,,,,1741698111,"2025-03-11,10:01:51",2025-03-11,536003-572391,NA
46,536003,0,493094,6045248,1.0,,,,,,,1741745648,"2025-03-11,23:14:08",2025-03-11,536003-493094,NA
47,521318,0,572391,6088471,1.0,,,,,,,1741788871,"2025-03-12,11:14:31",2025-03-12,521318-572391,NA
48,493094,0,536003,6099754,1.0,,,,,,,1741800154,"2025-03-12,14:22:34",2025-03-12,493094-536003,NA
49,572391,0,493094,6264092,1.0,,,,,,,1741964492,"2025-03-14,12:01:32",2025-03-14,572391-493094,NA
50,538892,0,500813,6547149,1.0,,,,,,,1742247549,"2025-03-17,18:39:09",2025-03-17,538892-500813,NA
51,493094,0,536003,6551747,1.0,,,,,,,1742252147,"2025-03-17,19:55:47",2025-03-17,493094-536003,NA
52,536003,0,572391,6661462,1.0,,,,,,,1742361862,"2025-03-19,02:24:22",2025-03-19,536003-572391,NA
53,521318,0,493094,6707208,1.0,,,,,,,1742407608,"2025-03-19,15:06:48",2025-03-19,521318-493094,NA
54,493094,0,572391,6741098,1.0,,,,,,,1742441498,"2025-03-20,00:31:38",2025-03-20,493094-572391,NA
55,493094,0,536003,6868180,1.0,,,,,,,1742568580,"2025-03-21,11:49:40",2025-03-21,493094-536003,NA
56,572391,0,493094,6969107,1.0,,,,,,,1742669507,"2025-03-22,15:51:47",2025-03-22,572391-493094,NA
57,521318,0,572391,7234277,1.0,,,,,,,1742934677,"2025-03-25,17:31:17",2025-03-25,521318-572391,NA
58,538892,1,572391,7238975,1.0,2.0,2.0,-23.5953,91.3571,-21.1411,91.1427,1742939375,"2025-03-25,18:49:35",2025-03-25,538892-572391,NA
59,493094,0,572391,7257372,1.0,,,,,,,1742957772,"2025-03-25,23:56:12",2025-03-25,493094-572391,NA
60,493094,0,536003,7361660,1.0,,,,,,,1743062060,"2025-03-27,04:54:20",2025-03-27,493094-536003,NA
61,614761,1,500813,7532107,1.0,1.0,1.0,-27.7842,-8.74823,-29.1714,-10.493,1743232507,"2025-03-29,04:15:07",2025-03-29,614761-500813,NA
62,614761,0,542965,7616725,1.0,,,,,,,1743317125,"2025-03-30,03:45:25",2025-03-30,614761-542965,NA
63,493094,0,572391,7632859,1.0,,,,,,,1743333259,"2025-03-30,08:14:19",2025-03-30,493094-572391,NA
64,493094,0,572391,7691776,1.0,,,,,,,1743392176,"2025-03-31,00:36:16",2025-03-31,493094-572391,NA
65,521318,0,493094,7902315,1.0,,,,,,,1743602715,"2025-04-02,11:05:15",2025-04-02,521318-493094,NA
66,572391,0,493094,8028888,1.0,,,,,,,1743729288,"2025-04-03,22:14:48",2025-04-03,572391-493094,NA
67,538892,1,572391,8055403,1.0,2.0,2.0,-23.5953,91.3571,-21.1411,91.1427,1743755803,"2025-04-04,05:36:43",2025-04-04,538892-572391,NA
68,521318,0,572391,8119549,1.0,,,,,,,1743819949,"2025-04-04,23:25:49",2025-04-04,521318-572391,NA
69,538892,1,500813,8277723,1.0,2.0,1.0,-23.5953,91.3571,-29.1714,-10.493,1743978123,"2025-04-06,19:22:03",2025-04-06,538892-500813,NA
70,572391,0,493094,8396953,1.0,,,,,,,1744097353,"2025-04-08,04:29:13",2025-04-08,572391-493094,NA
71,538892,1,542965,8521304,1.0,2.0,2.0,-23.5953,91.3571,-21.896,89.4,1744221704,"2025-04-09,15:01:44",2025-04-09,538892-542965,NA
72,521318,0,572391,8698081,1.0,,,,,,,1744398481,"2025-04-11,16:08:01",2025-04-11,521318-572391,NA
73,541619,1,607386,8912739,1.0,4.0,0.0,5.91178,-161.276,33.5741,-40.3904,1744613139,"2025-04-14,03:45:39",2025-04-14,541619-607386,NA
74,572391,0,493094,8951610,1.0,,,,,,,1744652010,"2025-04-14,14:33:30",2025-04-14,572391-493094,NA
75,614761,1,572391,9032836,1.0,1.0,2.0,-27.7842,-8.74823,-21.1411,91.1427,1744733236,"2025-04-15,13:07:16",2025-04-15,614761-572391,NA
76,544074,0,516236,9043949,1.0,,,,,,,1744744349,"2025-04-15,16:12:29",2025-04-15,544074-516236,NA
77,544074,0,516236,9056801,1.0,,,,,,,1744757201,"2025-04-15,19:46:41",2025-04-15,544074-516236,NA
78,493652,1,607386,9064253,1.0,5.0,0.0,24.9831,155.446,33.5741,-40.3904,1744764653,"2025-04-15,21:50:53",2025-04-15,493652-607386,NA
79,493652,1,538892,9115787,1.0,5.0,2.0,24.9831,155.446,-23.5953,91.3571,1744816187,"2025-04-16,12:09:47",2025-04-16,493652-538892,NA
80,544074,0,607386,9132905,1.0,,,,,,,1744833305,"2025-04-16,16:55:05",2025-04-16,544074-607386,NA
81,538892,1,542965,9173851,1.0,2.0,2.0,-23.5953,91.3571,-21.896,89.4,1744874251,"2025-04-17,04:17:31",2025-04-17,538892-542965,NA
82,544074,0,493652,9188843,1.0,,,,,,,1744889243,"2025-04-17,08:27:23",2025-04-17,544074-493652,NA
83,541619,1,607386,9268385,1.0,4.0,0.0,5.91178,-161.276,33.5741,-40.3904,1744968785,"2025-04-18,06:33:05",2025-04-18,541619-607386,NA
84,538892,1,607386,9366388,1.0,2.0,0.0,-23.5953,91.3571,33.5741,-40.3904,1745066788,"2025-04-19,09:46:28",2025-04-19,538892-607386,NA
85,541619,0,538892,9412792,1.0,,,,,,,1745113192,"2025-04-19,22:39:52",2025-04-19,541619-538892,NA
86,572391,0,542649,9421205,1.0,,,,,,,1745121605,"2025-04-20,01:00:05",2025-04-20,572391-542649,NA
87,542649,0,572391,9466049,1.0,,,,,,,1745166449,"2025-04-20,13:27:29",2025-04-20,542649-572391,NA
88,500813,1,542965,9621064,1.0,1.0,2.0,-29.1714,-10.493,-21.896,89.4,1745321464,"2025-04-22,08:31:04",2025-04-22,500813-542965,NA
89,544074,0,493652,9633884,1.0,,,,,,,1745334284,"2025-04-22,12:04:44",2025-04-22,544074-493652,NA
90,541619,1,607386,9637884,1.0,4.0,0.0,5.91178,-161.276,33.5741,-40.3904,1745338284,"2025-04-22,13:11:24",2025-04-22,541619-607386,NA
91,538892,1,544074,9640210,1.0,2.0,4.0,-23.5953,91.3571,2.35166,-161.322,1745340610,"2025-04-22,13:50:10",2025-04-22,538892-544074,NA
92,500813,1,542965,9662291,1.0,1.0,2.0,-29.1714,-10.493,-21.896,89.4,1745362691,"2025-04-22,19:58:11",2025-04-22,500813-542965,NA
93,500813,0,614761,9670356,1.0,,,,,,,1745370756,"2025-04-22,22:12:36",2025-04-22,500813-614761,NA
94,493652,1,516236,9732498,1.0,5.0,0.0,24.9831,155.446,32.1192,-47.3531,1745432898,"2025-04-23,15:28:18",2025-04-23,493652-516236,NA
95,544074,0,541619,9798433,1.0,,,,,,,1745498833,"2025-04-24,09:47:13",2025-04-24,544074-541619,NA
96,541619,1,544074,9857200,1.0,4.0,4.0,5.91178,-161.276,2.35166,-161.322,1745557600,"2025-04-25,02:06:40",2025-04-25,541619-544074,NA
97,572391,0,542649,9906612,1.0,,,,,,,1745607012,"2025-04-25,15:50:12",2025-04-25,572391-542649,NA
98,614761,1,542965,10045065,1.0,1.0,2.0,-27.7842,-8.74823,-21.896,89.4,1745745465,"2025-04-27,06:17:45",2025-04-27,614761-542965,NA
99,538892,1,493652,10142894,1.0,2.0,5.0,-23.5953,91.3571,24.9831,155.446,1745843294,"2025-04-28,09:28:14",2025-04-28,538892-493652,NA
100,541619,0,493652,10234286,1.0,,,,,,,1745934686,"2025-04-29,10:51:26",2025-04-29,541619-493652,NA
101,516236,1,538892,10245839,1.0,0.0,2.0,32.1192,-47.3531,-23.5953,91.3571,1745946239,"2025-04-29,14:03:59",2025-04-29,516236-538892,NA
102,493652,1,544074,10284633,1.0,5.0,4.0,24.9831,155.446,2.35166,-161.322,1745985033,"2025-04-30,00:50:33",2025-04-30,493652-544074,NA
103,607386,0,516236,10300433,1.0,,,,,,,1746000833,"2025-04-30,05:13:53",2025-04-30,607386-516236,NA
104,493652,1,541619,10335267,1.0,5.0,4.0,24.9831,155.446,5.91178,-161.276,1746035667,"2025-04-30,14:54:27",2025-04-30,493652-541619,NA
105,544074,0,541619,10375445,1.0,,,,,,,1746075845,"2025-05-01,02:04:05",2025-05-01,544074-541619,NA
106,607386,0,538892,10473136,1.0,,,,,,,1746173536,"2025-05-02,05:12:16",2025-05-02,607386-538892,NA
107,541619,0,516236,10533925,1.0,,,,,,,1746234325,"2025-05-02,22:05:25",2025-05-02,541619-516236,NA
108,493652,0,538892,10571496,1.0,,,,,,,1746271896,"2025-05-03,08:31:36",2025-05-03,493652-538892,NA
109,542649,2,476813,10573552,398.0,,,,,,,1746273952,"2025-05-03,09:05:52",2025-05-03,542649-476813,NA
110,572391,3,476813,10573552,398.0,,,,,,,1746273952,"2025-05-03,09:05:52",2025-05-03,572391-476813,NA
111,542649,0,572391,10573818,1.0,,,,,,,1746274218,"2025-05-03,09:10:18",2025-05-03,542649-572391,NA
112,493652,1,516236,10607688,1.0,5.0,0.0,24.9831,155.446,32.1192,-47.3531,1746308088,"2025-05-03,18:34:48",2025-05-03,493652-516236,NA
113,614761,1,572391,10706025,1.0,1.0,2.0,-27.7842,-8.74823,-21.1411,91.1427,1746406425,"2025-05-04,21:53:45",2025-05-04,614761-572391,NA
114,544074,0,516236,10753668,1.0,,,,,,,1746454068,"2025-05-05,11:07:48",2025-05-05,544074-516236,NA
115,607386,0,493652,10820701,1.0,,,,,,,1746521101,"2025-05-06,05:45:01",2025-05-06,607386-493652,NA
116,541619,0,607386,10866945,1.0,,,,,,,1746567345,"2025-05-06,18:35:45",2025-05-06,541619-607386,NA
117,544074,0,541619,10914107,1.0,,,,,,,1746614507,"2025-05-07,07:41:47",2025-05-07,544074-541619,NA
118,614761,1,572391,10985332,1.0,1.0,2.0,-27.7842,-8.74823,-21.1411,91.1427,1746685732,"2025-05-08,03:28:52",2025-05-08,614761-572391,NA
119,544074,0,541619,11057489,1.0,,,,,,,1746757889,"2025-05-08,23:31:29",2025-05-08,544074-541619,NA
120,516236,1,538892,11075131,1.0,0.0,2.0,32.1192,-47.3531,-23.5953,91.3571,1746775531,"2025-05-09,04:25:31",2025-05-09,516236-538892,NA
121,607386,0,541619,11104277,1.0,,,,,,,1746804677,"2025-05-09,12:31:17",2025-05-09,607386-541619,NA
122,607386,0,538892,11212797,1.0,,,,,,,1746913197,"2025-05-10,18:39:57",2025-05-10,607386-538892,NA
123,493652,0,538892,11235305,1.0,,,,,,,1746935705,"2025-05-11,00:55:05",2025-05-11,493652-538892,NA
124,542649,2,476813,11457714,123.0,,,,,,,1747158114,"2025-05-13,14:41:54",2025-05-13,542649-476813,NA
125,572391,3,476813,11457714,123.0,,,,,,,1747158114,"2025-05-13,14:41:54",2025-05-13,572391-476813,NA
126,572391,0,542649,11961227,1.0,,,,,,,1747661627,"2025-05-19,10:33:47",2025-05-19,572391-542649,NA
127,542649,2,476813,12032171,171.0,,,,,,,1747732571,"2025-05-20,06:16:11",2025-05-20,542649-476813,NA
128,572391,3,476813,12032171,171.0,,,,,,,1747732571,"2025-05-20,06:16:11",2025-05-20,572391-476813,NA
129,542649,2,476813,12110938,364.0,,,,,,,1747811338,"2025-05-21,04:08:58",2025-05-21,542649-476813,NA
130,572391,3,476813,12110938,364.0,,,,,,,1747811338,"2025-05-21,04:08:58",2025-05-21,572391-476813,NA
131,542649,0,572391,12641770,1.0,,,,,,,1748342170,"2025-05-27,07:36:10",2025-05-27,542649-572391,NA
132,542649,2,476813,13053223,110.0,,,,,,,1748753623,"2025-06-01,01:53:43",2025-06-01,542649-476813,NA
133,572391,3,476813,13053223,110.0,,,,,,,1748753623,"2025-06-01,01:53:43",2025-06-01,572391-476813,NA
134,542649,0,572391,13490410,1.0,,,,,,,1749190810,"2025-06-06,03:20:10",2025-06-06,542649-572391,NA
135,542649,0,572391,13687156,1.0,,,,,,,1749387556,"2025-06-08,09:59:16",2025-06-08,542649-572391,NA
136,629627,6,657173,13716556,5.0,3.0,1.0,-25.0,-111.0,-29.0,-13.0,1749416956,"2025-06-08,18:09:16",2025-06-08,629627-657173,NA
137,585212,6,657173,14321356,2.0,3.0,1.0,-25.0,-111.0,-29.0,-13.0,1750021756,"2025-06-15,18:09:16",2025-06-15,585212-657173,NA
138,629627,6,625756,14926156,3.0,4.0,3.0,1.0,-165.0,-25.0,-111.0,1750626556,"2025-06-22,18:09:16",2025-06-22,629627-625756,NA
139,542649,2,476813,15115449,150.0,,,,,,,1750815849,"2025-06-24,22:44:09",2025-06-24,542649-476813,NA
140,572391,3,476813,15115449,150.0,,,,,,,1750815849,"2025-06-24,22:44:09",2025-06-24,572391-476813,NA
141,534034,6,657173,15185356,2.0,3.0,1.0,-25.0,-111.0,-29.0,-13.0,1750885756,"2025-06-25,18:09:16",2025-06-25,534034-657173,NA
142,599441,6,625756,15703756,1.0,4.0,3.0,1.0,-165.0,-25.0,-111.0,1751404156,"2025-07-01,18:09:16",2025-07-01,599441-625756,NA
143,534034,6,625756,15876556,5.0,4.0,3.0,1.0,-165.0,-25.0,-111.0,1751576956,"2025-07-03,18:09:16",2025-07-03,534034-625756,NA
144,538892,0,541619,16628392,1.0,,,,,,,1752328792,"2025-07-12,10:59:52",2025-07-12,538892-541619,NA
145,599441,6,509607,16826956,6.0,2.0,4.0,-22.0,91.0,1.0,-165.0,1752527356,"2025-07-14,18:09:16",2025-07-14,599441-509607,NA
146,538892,0,541619,16897710,1.0,,,,,,,1752598110,"2025-07-15,13:48:30",2025-07-15,538892-541619,NA
147,534034,6,509607,16999756,5.0,2.0,4.0,-22.0,91.0,1.0,-165.0,1752700156,"2025-07-16,18:09:16",2025-07-16,534034-509607,NA
148,544074,1,538892,17121072,1.0,4.0,2.0,2.35166,-161.322,-23.5953,91.3571,1752821472,"2025-07-18,03:51:12",2025-07-18,544074-538892,NA
149,544074,1,541619,17149567,1.0,4.0,4.0,2.35166,-161.322,5.91178,-161.276,1752849967,"2025-07-18,11:46:07",2025-07-18,544074-541619,NA
150,544074,1,541619,17429185,1.0,4.0,4.0,2.35166,-161.322,5.91178,-161.276,1753129585,"2025-07-21,17:26:25",2025-07-21,544074-541619,NA
151,538892,0,541619,17499134,1.0,,,,,,,1753199534,"2025-07-22,12:52:14",2025-07-22,538892-541619,NA
152,599441,6,499467,17518156,3.0,1.0,2.0,-29.0,-13.0,-22.0,91.0,1753218556,"2025-07-22,18:09:16",2025-07-22,599441-499467,NA
153,585212,6,509607,17518156,5.0,2.0,4.0,-22.0,91.0,1.0,-165.0,1753218556,"2025-07-22,18:09:16",2025-07-22,585212-509607,NA
154,544074,1,538892,17601232,1.0,4.0,2.0,2.35166,-161.322,-23.5953,91.3571,1753301632,"2025-07-23,17:13:52",2025-07-23,544074-538892,NA
155,629627,6,509607,17690956,3.0,2.0,4.0,-22.0,91.0,1.0,-165.0,1753391356,"2025-07-24,18:09:16",2025-07-24,629627-509607,NA
156,538892,0,544074,17697435,1.0,,,,,,,1753397835,"2025-07-24,19:57:15",2025-07-24,538892-544074,NA
157,585212,6,499467,17777356,1.0,1.0,2.0,-29.0,-13.0,-22.0,91.0,1753477756,"2025-07-25,18:09:16",2025-07-25,585212-499467,NA
158,544074,1,541619,17785145,1.0,4.0,4.0,2.35166,-161.322,5.91178,-161.276,1753485545,"2025-07-25,20:19:05",2025-07-25,544074-541619,NA
159,534034,6,499467,17863756,2.0,1.0,2.0,-29.0,-13.0,-22.0,91.0,1753564156,"2025-07-26,18:09:16",2025-07-26,534034-499467,NA
160,544074,0,538892,17934517,1.0,,,,,,,1753634917,"2025-07-27,13:48:37",2025-07-27,544074-538892,NA
161,541619,0,538892,17989009,1.0,,,,,,,1753689409,"2025-07-28,04:56:49",2025-07-28,541619-538892,NA
162,538892,0,544074,18132297,1.0,,,,,,,1753832697,"2025-07-29,20:44:57",2025-07-29,538892-544074,NA
163,544074,1,541619,18186660,1.0,4.0,4.0,2.35166,-161.322,5.91178,-161.276,1753887060,"2025-07-30,11:51:00",2025-07-30,544074-541619,NA
164,544074,0,541619,18196252,1.0,,,,,,,1753896652,"2025-07-30,14:30:52",2025-07-30,544074-541619,NA
165,538892,0,544074,18337188,1.0,,,,,,,1754037588,"2025-08-01,05:39:48",2025-08-01,538892-544074,NA
166,544074,0,538892,18636988,1.0,,,,,,,1754337388,"2025-08-04,16:56:28",2025-08-04,544074-538892,NA
167,544074,1,538892,18711916,1.0,4.0,2.0,2.35166,-161.322,-23.5953,91.3571,1754412316,"2025-08-05,13:45:16",2025-08-05,544074-538892,NA
168,544074,1,541619,18869662,1.0,4.0,4.0,2.35166,-161.322,5.91178,-161.276,1754570062,"2025-08-07,09:34:22",2025-08-07,544074-541619,NA
169,544074,0,541619,18898309,1.0,,,,,,,1754598709,"2025-08-07,17:31:49",2025-08-07,544074-541619,NA
170,538892,0,541619,18973146,1.0,,,,,,,1754673546,"2025-08-08,14:19:06",2025-08-08,538892-541619,NA
171,544074,0,541619,19022747,1.0,,,,,,,1754723147,"2025-08-09,04:05:47",2025-08-09,544074-541619,NA
172,544074,1,541619,19058010,1.0,4.0,4.0,2.35166,-161.322,5.91178,-161.276,1754758410,"2025-08-09,13:53:30",2025-08-09,544074-541619,NA
173,542965,6,509607,19073356,1.0,2.0,4.0,-22.0,91.0,1.0,-165.0,1754773756,"2025-08-09,18:09:16",2025-08-09,542965-509607,NA
174,544074,0,538892,19167417,1.0,,,,,,,1754867817,"2025-08-10,20:16:57",2025-08-10,544074-538892,NA
175,544074,1,538892,19177189,1.0,4.0,2.0,2.35166,-161.322,-23.5953,91.3571,1754877589,"2025-08-10,22:59:49",2025-08-10,544074-538892,NA
176,544074,1,538892,19256891,1.0,4.0,2.0,2.35166,-161.322,-23.5953,91.3571,1754957291,"2025-08-11,21:08:11",2025-08-11,544074-538892,NA
177,635665,6,625756,19332556,5.0,0.0,3.0,33.0,-41.0,-25.0,-111.0,1755032956,"2025-08-12,18:09:16",2025-08-12,635665-625756,NA
178,538892,0,544074,19361607,1.0,,,,,,,1755062007,"2025-08-13,02:13:27",2025-08-13,538892-544074,NA
179,544074,0,541619,19623842,1.0,,,,,,,1755324242,"2025-08-16,03:04:02",2025-08-16,544074-541619,NA
180,544074,1,538892,19696142,1.0,4.0,2.0,2.35166,-161.322,-23.5953,91.3571,1755396542,"2025-08-16,23:09:02",2025-08-16,544074-538892,NA
181,544074,1,541619,19855205,1.0,4.0,4.0,2.35166,-161.322,5.91178,-161.276,1755555605,"2025-08-18,19:20:05",2025-08-18,544074-541619,NA
182,544074,0,541619,19884838,1.0,,,,,,,1755585238,"2025-08-19,03:33:58",2025-08-19,544074-541619,NA
183,538892,0,541619,20000695,1.0,,,,,,,1755701095,"2025-08-20,11:44:55",2025-08-20,538892-541619,NA
184,538892,6,509607,20023756,6.0,2.0,4.0,-22.0,91.0,1.0,-165.0,1755724156,"2025-08-20,18:09:16",2025-08-20,538892-509607,NA
185,541619,0,544074,20033852,1.0,,,,,,,1755734252,"2025-08-20,20:57:32",2025-08-20,541619-544074,NA
186,544074,0,538892,20064067,1.0,,,,,,,1755764467,"2025-08-21,05:21:07",2025-08-21,544074-538892,NA
187,568093,6,625756,20110156,1.0,0.0,3.0,33.0,-41.0,-25.0,-111.0,1755810556,"2025-08-21,18:09:16",2025-08-21,568093-625756,NA
188,544074,1,541619,20128854,1.0,4.0,4.0,2.35166,-161.322,5.91178,-161.276,1755829254,"2025-08-21,23:20:54",2025-08-21,544074-541619,NA
189,541619,0,538892,20176137,1.0,,,,,,,1755876537,"2025-08-22,12:28:57",2025-08-22,541619-538892,NA
190,568093,6,499467,20974156,1.0,3.0,2.0,-25.0,-111.0,-22.0,91.0,1756674556,"2025-08-31,18:09:16",2025-08-31,568093-499467,NA
191,464459,6,625756,21233356,2.0,0.0,3.0,33.0,-41.0,-25.0,-111.0,1756933756,"2025-09-03,18:09:16",2025-09-03,464459-625756,NA
192,464459,6,499467,21838156,4.0,3.0,2.0,-25.0,-111.0,-22.0,91.0,1757538556,"2025-09-10,18:09:16",2025-09-10,464459-499467,NA
193,635665,6,499467,22010956,4.0,3.0,2.0,-25.0,-111.0,-22.0,91.0,1757711356,"2025-09-12,18:09:16",2025-09-12,635665-499467,NA
194,568093,6,561157,23652556,1.0,2.0,0.0,-22.0,91.0,33.0,-41.0,1759352956,"2025-10-01,18:09:16",2025-10-01,568093-561157,NA
195,635665,6,561157,23738956,6.0,2.0,0.0,-22.0,91.0,33.0,-41.0,1759439356,"2025-10-02,18:09:16",2025-10-02,635665-561157,NA
196,570284,6,509607,24948556,1.0,5.0,4.0,22.0,156.0,1.0,-165.0,1760648956,"2025-10-16,18:09:16",2025-10-16,570284-509607,NA
197,643925,6,625756,25466956,3.0,4.0,3.0,1.0,-165.0,-25.0,-111.0,1761167356,"2025-10-22,18:09:16",2025-10-22,643925-625756,NA
198,649553,6,625756,25553356,1.0,4.0,3.0,1.0,-165.0,-25.0,-111.0,1761253756,"2025-10-23,18:09:16",2025-10-23,649553-625756,NA
199,570284,6,625756,26503756,4.0,4.0,3.0,1.0,-165.0,-25.0,-111.0,1762204156,"2025-11-03,18:09:16",2025-11-03,570284-625756,NA
200,643925,6,509607,26762956,4.0,5.0,4.0,22.0,156.0,1.0,-165.0,1762463356,"2025-11-06,18:09:16",2025-11-06,643925-509607,NA
201,649553,6,509607,26935756,2.0,5.0,4.0,22.0,156.0,1.0,-165.0,1762636156,"2025-11-08,18:09:16",2025-11-08,649553-509607,NA
202,570284,6,616453,28231756,2.0,0.0,5.0,33.0,-41.0,22.0,156.0,1763932156,"2025-11-23,18:09:16",2025-11-23,570284-616453,NA
203,649553,6,616453,28577356,6.0,0.0,5.0,33.0,-41.0,22.0,156.0,1764277756,"2025-11-27,18:09:16",2025-11-27,649553-616453,NA
204,570284,6,561157,28663756,6.0,3.0,0.0,-25.0,-111.0,33.0,-41.0,1764364156,"2025-11-28,18:09:16",2025-11-28,570284-561157,NA
205,643925,6,561157,28750156,5.0,3.0,0.0,-25.0,-111.0,33.0,-41.0,1764450556,"2025-11-29,18:09:16",2025-11-29,643925-561157,NA
206,598006,6,657173,29873356,1.0,5.0,1.0,22.0,156.0,-29.0,-13.0,1765573756,"2025-12-12,18:09:16",2025-12-12,598006-657173,NA
207,612711,6,561157,30132556,1.0,1.0,0.0,-29.0,-13.0,33.0,-41.0,1765832956,"2025-12-15,18:09:16",2025-12-15,612711-561157,NA
208,598006,6,561157,30478156,3.0,1.0,0.0,-29.0,-13.0,33.0,-41.0,1766178556,"2025-12-19,18:09:16",2025-12-19,598006-561157,NA
209,643411,6,561157,31514956,1.0,1.0,0.0,-29.0,-13.0,33.0,-41.0,1767215356,"2025-12-31,18:09:16",2025-12-31,643411-561157,NA
210,610497,5,640784,31536000,271.92,,,,,,,1767236400,"2026-01-01,00:00:00",2026-01-01,610497-640784,Tobacco
211,610497,5,630626,31536000,961.13,,,,,,,1767236400,"2026-01-01,00:00:00",2026-01-01,610497-630626,Rented dwellings
212,552988,5,610497,31536000,3704.63,,,,,,,1767236400,"2026-01-01,00:00:00",2026-01-01,552988-610497,NA
213,610497,5,567195,31536000,2020.36,,,,,,,1767236400,"2026-01-01,00:00:00",2026-01-01,610497-567195,Personal insurance and pensions
214,610497,5,527449,31536000,164.35,,,,,,,1767236400,"2026-01-01,00:00:00",2026-01-01,610497-527449,Alcohol
215,610497,5,459381,31536000,516.88,,,,,,,1767236400,"2026-01-01,00:00:00",2026-01-01,610497-459381,Water and other public services
216,610497,5,595298,31536000,707.62,,,,,,,1767236400,"2026-01-01,00:00:00",2026-01-01,610497-595298,Groceries
217,610497,5,466907,31536000,382.9,,,,,,,1767236400,"2026-01-01,00:00:00",2026-01-01,610497-466907,Electricity
218,610497,5,589943,31536000,299.92,,,,,,,1767236400,"2026-01-01,00:00:00",2026-01-01,610497-589943,Lodging away from home
219,610497,5,537281,31536000,476.32,,,,,,,1767236400,"2026-01-01,00:00:00",2026-01-01,610497-537281,Housekeeping supplies
220,610497,5,523927,31536000,191.06,,,,,,,1767236400,"2026-01-01,00:00:00",2026-01-01,610497-523927,Restaurants
221,610497,5,580426,31536000,180.33,,,,,,,1767236400,"2026-01-01,00:00:00",2026-01-01,610497-580426,Telephone services
222,610497,5,616315,31536000,365.16,,,,,,,1767236400,"2026-01-01,00:00:00",2026-01-01,610497-616315,Apparel and services
223,610497,5,503701,31536000,1626.32,,,,,,,1767236400,"2026-01-01,00:00:00",2026-01-01,610497-503701,Miscellaneous
224,610497,5,632961,31536000,196.78,,,,,,,1767236400,"2026-01-01,00:00:00",2026-01-01,610497-632961,Personal care products and services
225,610497,5,473173,31536000,91.95,,,,,,,1767236400,"2026-01-01,00:00:00",2026-01-01,610497-473173,Household furnishings
226,610497,5,620120,31536000,119.2,,,,,,,1767236400,"2026-01-01,00:00:00",2026-01-01,610497-620120,Personal taxes
227,610497,5,575030,31536000,3200.7,,,,,,,1767236400,"2026-01-01,00:00:00",2026-01-01,610497-575030,Transportation
228,578531,5,640784,31536000,127.15,,,,,,,1767236400,"2026-01-01,00:00:00",2026-01-01,578531-640784,Tobacco
229,578531,5,503218,31536000,794.95,,,,,,,1767236400,"2026-01-01,00:00:00",2026-01-01,578531-503218,Natural gas
230,578531,5,630626,31536000,5216.01,,,,,,,1767236400,"2026-01-01,00:00:00",2026-01-01,578531-630626,Rented dwellings
231,510031,5,578531,31536000,535.49,,,,,,,1767236400,"2026-01-01,00:00:00",2026-01-01,510031-578531,NA
232,552988,5,578531,31536000,44432.6,,,,,,,1767236400,"2026-01-01,00:00:00",2026-01-01,552988-578531,NA
233,578531,5,567195,31536000,4032.44,,,,,,,1767236400,"2026-01-01,00:00:00",2026-01-01,578531-567195,Personal insurance and pensions
234,578531,5,527449,31536000,112.79,,,,,,,1767236400,"2026-01-01,00:00:00",2026-01-01,578531-527449,Alcohol
235,578531,5,459381,31536000,564.37,,,,,,,1767236400,"2026-01-01,00:00:00",2026-01-01,578531-459381,Water and other public services
236,578531,5,595298,31536000,3687.96,,,,,,,1767236400,"2026-01-01,00:00:00",2026-01-01,578531-595298,Groceries
237,578531,5,466907,31536000,604.91,,,,,,,1767236400,"2026-01-01,00:00:00",2026-01-01,578531-466907,Electricity
238,578531,5,606730,31536000,1122.89,,,,,,,1767236400,"2026-01-01,00:00:00",2026-01-01,578531-606730,Entertainment
239,578531,5,589943,31536000,1464.95,,,,,,,1767236400,"2026-01-01,00:00:00",2026-01-01,578531-589943,Lodging away from home
240,578531,5,577992,31536000,4967.63,,,,,,,1767236400,"2026-01-01,00:00:00",2026-01-01,578531-577992,Education
241,578531,5,537281,31536000,951.82,,,,,,,1767236400,"2026-01-01,00:00:00",2026-01-01,578531-537281,Housekeeping supplies
242,578531,5,523927,31536000,1875.25,,,,,,,1767236400,"2026-01-01,00:00:00",2026-01-01,578531-523927,Restaurants
243,578531,5,580426,31536000,765.2,,,,,,,1767236400,"2026-01-01,00:00:00",2026-01-01,578531-580426,Telephone services
244,578531,5,616315,31536000,94.12,,,,,,,1767236400,"2026-01-01,00:00:00",2026-01-01,578531-616315,Apparel and services
245,578531,5,642329,31536000,842.49,,,,,,,1767236400,"2026-01-01,00:00:00",2026-01-01,578531-642329,Household operations
246,578531,5,503701,31536000,2131.32,,,,,,,1767236400,"2026-01-01,00:00:00",2026-01-01,578531-503701,Miscellaneous
247,578531,5,632961,31536000,779.39,,,,,,,1767236400,"2026-01-01,00:00:00",2026-01-01,578531-632961,Personal care products and services
248,578531,5,473173,31536000,979.19,,,,,,,1767236400,"2026-01-01,00:00:00",2026-01-01,578531-473173,Household furnishings
249,578531,5,620120,31536000,6814.56,,,,,,,1767236400,"2026-01-01,00:00:00",2026-01-01,578531-620120,Personal taxes
250,578531,5,575030,31536000,3994.14,,,,,,,1767236400,"2026-01-01,00:00:00",2026-01-01,578531-575030,Transportation
251,578531,5,621924,31536000,1367.71,,,,,,,1767236400,"2026-01-01,00:00:00",2026-01-01,578531-621924,Mortgage payments
252,657076,5,640784,31536000,983.51,,,,,,,1767236400,"2026-01-01,00:00:00",2026-01-01,657076-640784,Tobacco
253,657076,5,630626,31536000,4887.83,,,,,,,1767236400,"2026-01-01,00:00:00",2026-01-01,657076-630626,Rented dwellings
254,552988,5,657076,31536000,36157.5,,,,,,,1767236400,"2026-01-01,00:00:00",2026-01-01,552988-657076,NA
255,657076,5,527449,31536000,384.3,,,,,,,1767236400,"2026-01-01,00:00:00",2026-01-01,657076-527449,Alcohol
256,657076,5,459381,31536000,595.71,,,,,,,1767236400,"2026-01-01,00:00:00",2026-01-01,657076-459381,Water and other public services
257,657076,5,595298,31536000,2596.98,,,,,,,1767236400,"2026-01-01,00:00:00",2026-01-01,657076-595298,Groceries
258,657076,5,466907,31536000,458.72,,,,,,,1767236400,"2026-01-01,00:00:00",2026-01-01,657076-466907,Electricity
259,657076,5,589943,31536000,1950.69,,,,,,,1767236400,"2026-01-01,00:00:00",2026-01-01,657076-589943,Lodging away from home
260,657076,5,537281,31536000,530.82,,,,,,,1767236400,"2026-01-01,00:00:00",2026-01-01,657076-537281,Housekeeping supplies
261,657076,5,523927,31536000,1922.91,,,,,,,1767236400,"2026-01-01,00:00:00",2026-01-01,657076-523927,Restaurants
262,657076,5,580426,31536000,501.28,,,,,,,1767236400,"2026-01-01,00:00:00",2026-01-01,657076-580426,Telephone services
263,657076,5,616315,31536000,1384.47,,,,,,,1767236400,"2026-01-01,00:00:00",2026-01-01,657076-616315,Apparel and services
264,657076,5,642329,31536000,719.92,,,,,,,1767236400,"2026-01-01,00:00:00",2026-01-01,657076-642329,Household operations
265,657076,5,503701,31536000,180.6,,,,,,,1767236400,"2026-01-01,00:00:00",2026-01-01,657076-503701,Miscellaneous
266,657076,5,473173,31536000,242.37,,,,,,,1767236400,"2026-01-01,00:00:00",2026-01-01,657076-473173,Household furnishings
267,657076,5,620120,31536000,5823.53,,,,,,,1767236400,"2026-01-01,00:00:00",2026-01-01,657076-620120,Personal taxes
268,657076,5,575030,31536000,7256.03,,,,,,,1767236400,"2026-01-01,00:00:00",2026-01-01,657076-575030,Transportation
269,657076,5,621924,31536000,1257.76,,,,,,,1767236400,"2026-01-01,00:00:00",2026-01-01,657076-621924,Mortgage payments
270,478754,5,630626,31536000,6376.02,,,,,,,1767236400,"2026-01-01,00:00:00",2026-01-01,478754-630626,Rented dwellings
271,510031,5,478754,31536000,197.45,,,,,,,1767236400,"2026-01-01,00:00:00",2026-01-01,510031-478754,NA
272,552988,5,478754,31536000,29465.3,,,,,,,1767236400,"2026-01-01,00:00:00",2026-01-01,552988-478754,NA
273,478754,5,527449,31536000,334.0,,,,,,,1767236400,"2026-01-01,00:00:00",2026-01-01,478754-527449,Alcohol
274,478754,5,459381,31536000,546.44,,,,,,,1767236400,"2026-01-01,00:00:00",2026-01-01,478754-459381,Water and other public services
275,478754,5,595298,31536000,1567.57,,,,,,,1767236400,"2026-01-01,00:00:00",2026-01-01,478754-595298,Groceries
276,478754,5,466907,31536000,1232.64,,,,,,,1767236400,"2026-01-01,00:00:00",2026-01-01,478754-466907,Electricity
277,478754,5,589943,31536000,1763.76,,,,,,,1767236400,"2026-01-01,00:00:00",2026-01-01,478754-589943,Lodging away from home
278,478754,5,577992,31536000,179.32,,,,,,,1767236400,"2026-01-01,00:00:00",2026-01-01,478754-577992,Education
279,478754,5,523927,31536000,904.42,,,,,,,1767236400,"2026-01-01,00:00:00",2026-01-01,478754-523927,Restaurants
280,478754,5,616315,31536000,671.78,,,,,,,1767236400,"2026-01-01,00:00:00",2026-01-01,478754-616315,Apparel and services
281,478754,5,642329,31536000,885.78,,,,,,,1767236400,"2026-01-01,00:00:00",2026-01-01,478754-642329,Household operations
282,478754,5,571970,31536000,132.51,,,,,,,1767236400,"2026-01-01,00:00:00",2026-01-01,478754-571970,Reading
283,478754,5,632961,31536000,105.23,,,,,,,1767236400,"2026-01-01,00:00:00",2026-01-01,478754-632961,Personal care products and services
284,478754,5,473173,31536000,2312.74,,,,,,,1767236400,"2026-01-01,00:00:00",2026-01-01,478754-473173,Household furnishings
285,478754,5,620120,31536000,2277.9,,,,,,,1767236400,"2026-01-01,00:00:00",2026-01-01,478754-620120,Personal taxes
286,478754,5,621924,31536000,611.39,,,,,,,1767236400,"2026-01-01,00:00:00",2026-01-01,478754-621924,Mortgage payments
287,575295,5,630626,31536000,1131.09,,,,,,,1767236400,"2026-01-01,00:00:00",2026-01-01,575295-630626,Rented dwellings
288,552988,5,575295,31536000,25163.8,,,,,,,1767236400,"2026-01-01,00:00:00",2026-01-01,552988-575295,NA
289,575295,5,527449,31536000,516.47,,,,,,,1767236400,"2026-01-01,00:00:00",2026-01-01,575295-527449,Alcohol
290,575295,5,459381,31536000,173.64,,,,,,,1767236400,"2026-01-01,00:00:00",2026-01-01,575295-459381,Water and other public services
291,575295,5,595298,31536000,1609.94,,,,,,,1767236400,"2026-01-01,00:00:00",2026-01-01,575295-595298,Groceries
292,575295,5,466907,31536000,429.42,,,,,,,1767236400,"2026-01-01,00:00:00",2026-01-01,575295-466907,Electricity
293,575295,5,577992,31536000,2117.18,,,,,,,1767236400,"2026-01-01,00:00:00",2026-01-01,575295-577992,Education
294,575295,5,537281,31536000,277.44,,,,,,,1767236400,"2026-01-01,00:00:00",2026-01-01,575295-537281,Housekeeping supplies
295,575295,5,523927,31536000,1211.81,,,,,,,1767236400,"2026-01-01,00:00:00",2026-01-01,575295-523927,Restaurants
296,575295,5,595581,31536000,1191.34,,,,,,,1767236400,"2026-01-01,00:00:00",2026-01-01,575295-595581,Donations
297,575295,5,616315,31536000,2.91,,,,,,,1767236400,"2026-01-01,00:00:00",2026-01-01,575295-616315,Apparel and services
298,575295,5,642329,31536000,280.94,,,,,,,1767236400,"2026-01-01,00:00:00",2026-01-01,575295-642329,Household operations
299,575295,5,571970,31536000,60.24,,,,,,,1767236400,"2026-01-01,00:00:00",2026-01-01,575295-571970,Reading
300,575295,5,632961,31536000,281.97,,,,,,,1767236400,"2026-01-01,00:00:00",2026-01-01,575295-632961,Personal care products and services
301,575295,5,473173,31536000,2150.02,,,,,,,1767236400,"2026-01-01,00:00:00",2026-01-01,575295-473173,Household furnishings
302,575295,5,620120,31536000,1213.18,,,,,,,1767236400,"2026-01-01,00:00:00",2026-01-01,575295-620120,Personal taxes
303,575295,5,575030,31536000,5529.22,,,,,,,1767236400,"2026-01-01,00:00:00",2026-01-01,575295-575030,Transportation
304,575295,5,621924,31536000,1638.18,,,,,,,1767236400,"2026-01-01,00:00:00",2026-01-01,575295-621924,Mortgage payments
305,568284,5,630626,31536000,5053.94,,,,,,,1767236400,"2026-01-01,00:00:00",2026-01-01,568284-630626,Rented dwellings
306,552988,5,568284,31536000,7039.65,,,,,,,1767236400,"2026-01-01,00:00:00",2026-01-01,552988-568284,NA
307,568284,5,567195,31536000,1147.37,,,,,,,1767236400,"2026-01-01,00:00:00",2026-01-01,568284-567195,Personal insurance and pensions
308,568284,5,527449,31536000,285.7,,,,,,,1767236400,"2026-01-01,00:00:00",2026-01-01,568284-527449,Alcohol
309,568284,5,459381,31536000,267.45,,,,,,,1767236400,"2026-01-01,00:00:00",2026-01-01,568284-459381,Water and other public services
310,568284,5,595298,31536000,3054.32,,,,,,,1767236400,"2026-01-01,00:00:00",2026-01-01,568284-595298,Groceries
311,568284,5,466907,31536000,701.36,,,,,,,1767236400,"2026-01-01,00:00:00",2026-01-01,568284-466907,Electricity
312,568284,5,589943,31536000,369.91,,,,,,,1767236400,"2026-01-01,00:00:00",2026-01-01,568284-589943,Lodging away from home
313,568284,5,577992,31536000,279.83,,,,,,,1767236400,"2026-01-01,00:00:00",2026-01-01,568284-577992,Education
314,568284,5,537281,31536000,141.32,,,,,,,1767236400,"2026-01-01,00:00:00",2026-01-01,568284-537281,Housekeeping supplies
315,568284,5,523927,31536000,584.34,,,,,,,1767236400,"2026-01-01,00:00:00",2026-01-01,568284-523927,Restaurants
316,568284,5,595581,31536000,1772.19,,,,,,,1767236400,"2026-01-01,00:00:00",2026-01-01,568284-595581,Donations
317,568284,5,616315,31536000,955.54,,,,,,,1767236400,"2026-01-01,00:00:00",2026-01-01,568284-616315,Apparel and services
318,568284,5,642329,31536000,818.09,,,,,,,1767236400,"2026-01-01,00:00:00",2026-01-01,568284-642329,Household operations
319,568284,5,503701,31536000,2456.28,,,,,,,1767236400,"2026-01-01,00:00:00",2026-01-01,568284-503701,Miscellaneous
320,568284,5,571970,31536000,92.37,,,,,,,1767236400,"2026-01-01,00:00:00",2026-01-01,568284-571970,Reading
321,568284,5,632961,31536000,439.2,,,,,,,1767236400,"2026-01-01,00:00:00",2026-01-01,568284-632961,Personal care products and services
322,568284,5,473173,31536000,3084.78,,,,,,,1767236400,"2026-01-01,00:00:00",2026-01-01,568284-473173,Household furnishings
323,568284,5,620120,31536000,164.3,,,,,,,1767236400,"2026-01-01,00:00:00",2026-01-01,568284-620120,Personal taxes
324,568284,5,575030,31536000,3861.34,,,,,,,1767236400,"2026-01-01,00:00:00",2026-01-01,568284-575030,Transportation
325,568284,5,621924,31536000,817.27,,,,,,,1767236400,"2026-01-01,00:00:00",2026-01-01,568284-621924,Mortgage payments
326,508898,5,503218,31536000,1437.55,,,,,,,1767236400,"2026-01-01,00:00:00",2026-01-01,508898-503218,Natural gas
327,508898,5,630626,31536000,7216.68,,,,,,,1767236400,"2026-01-01,00:00:00",2026-01-01,508898-630626,Rented dwellings
328,510031,5,508898,31536000,2664.62,,,,,,,1767236400,"2026-01-01,00:00:00",2026-01-01,510031-508898,NA
329,552988,5,508898,31536000,50214.1,,,,,,,1767236400,"2026-01-01,00:00:00",2026-01-01,552988-508898,NA
330,508898,5,567195,31536000,5377.2,,,,,,,1767236400,"2026-01-01,00:00:00",2026-01-01,508898-567195,Personal insurance and pensions
331,508898,5,527449,31536000,73.45,,,,,,,1767236400,"2026-01-01,00:00:00",2026-01-01,508898-527449,Alcohol
332,508898,5,459381,31536000,624.98,,,,,,,1767236400,"2026-01-01,00:00:00",2026-01-01,508898-459381,Water and other public services
333,508898,5,595298,31536000,2939.52,,,,,,,1767236400,"2026-01-01,00:00:00",2026-01-01,508898-595298,Groceries
334,508898,5,466907,31536000,1068.85,,,,,,,1767236400,"2026-01-01,00:00:00",2026-01-01,508898-466907,Electricity
335,508898,5,589943,31536000,2951.76,,,,,,,1767236400,"2026-01-01,00:00:00",2026-01-01,508898-589943,Lodging away from home
336,508898,5,537281,31536000,1414.3,,,,,,,1767236400,"2026-01-01,00:00:00",2026-01-01,508898-537281,Housekeeping supplies
337,508898,5,523927,31536000,3035.49,,,,,,,1767236400,"2026-01-01,00:00:00",2026-01-01,508898-523927,Restaurants
338,508898,5,580426,31536000,384.0,,,,,,,1767236400,"2026-01-01,00:00:00",2026-01-01,508898-580426,Telephone services
339,508898,5,595581,31536000,1272.62,,,,,,,1767236400,"2026-01-01,00:00:00",2026-01-01,508898-595581,Donations
340,508898,5,642329,31536000,187.12,,,,,,,1767236400,"2026-01-01,00:00:00",2026-01-01,508898-642329,Household operations
341,508898,5,503701,31536000,3744.72,,,,,,,1767236400,"2026-01-01,00:00:00",2026-01-01,508898-503701,Miscellaneous
342,508898,5,473173,31536000,1245.58,,,,,,,1767236400,"2026-01-01,00:00:00",2026-01-01,508898-473173,Household furnishings
343,508898,5,620120,31536000,13481.8,,,,,,,1767236400,"2026-01-01,00:00:00",2026-01-01,508898-620120,Personal taxes
344,508898,5,575030,31536000,19974.0,,,,,,,1767236400,"2026-01-01,00:00:00",2026-01-01,508898-575030,Transportation
345,508898,5,621924,31536000,1053.33,,,,,,,1767236400,"2026-01-01,00:00:00",2026-01-01,508898-621924,Mortgage payments
346,510031,5,538892,31536000,612.53,,,,,,,1767236400,"2026-01-01,00:00:00",2026-01-01,510031-538892,NA
347,552988,5,538892,31536000,7866.03,,,,,,,1767236400,"2026-01-01,00:00:00",2026-01-01,552988-538892,NA
348,538892,5,567195,31536000,804.6,,,,,,,1767236400,"2026-01-01,00:00:00",2026-01-01,538892-567195,Personal insurance and pensions
349,538892,5,527449,31536000,66.56,,,,,,,1767236400,"2026-01-01,00:00:00",2026-01-01,538892-527449,Alcohol
350,538892,5,459381,31536000,206.85,,,,,,,1767236400,"2026-01-01,00:00:00",2026-01-01,538892-459381,Water and other public services
351,538892,5,595298,31536000,2929.23,,,,,,,1767236400,"2026-01-01,00:00:00",2026-01-01,538892-595298,Groceries
352,538892,5,466907,31536000,411.67,,,,,,,1767236400,"2026-01-01,00:00:00",2026-01-01,538892-466907,Electricity
353,538892,5,589943,31536000,1336.5,,,,,,,1767236400,"2026-01-01,00:00:00",2026-01-01,538892-589943,Lodging away from home
354,538892,5,577992,31536000,2087.94,,,,,,,1767236400,"2026-01-01,00:00:00",2026-01-01,538892-577992,Education
355,538892,5,537281,31536000,115.09,,,,,,,1767236400,"2026-01-01,00:00:00",2026-01-01,538892-537281,Housekeeping supplies
356,538892,5,523927,31536000,318.53,,,,,,,1767236400,"2026-01-01,00:00:00",2026-01-01,538892-523927,Restaurants
357,538892,5,580426,31536000,287.96,,,,,,,1767236400,"2026-01-01,00:00:00",2026-01-01,538892-580426,Telephone services
358,538892,5,642329,31536000,1700.68,,,,,,,1767236400,"2026-01-01,00:00:00",2026-01-01,538892-642329,Household operations
359,538892,5,632961,31536000,232.76,,,,,,,1767236400,"2026-01-01,00:00:00",2026-01-01,538892-632961,Personal care products and services
360,538892,5,473173,31536000,397.53,,,,,,,1767236400,"2026-01-01,00:00:00",2026-01-01,538892-473173,Household furnishings
361,620120,5,538892,31536000,1256.32,,,,,,,1767236400,"2026-01-01,00:00:00",2026-01-01,620120-538892,NA
362,538892,5,575030,31536000,2011.04,,,,,,,1767236400,"2026-01-01,00:00:00",2026-01-01,538892-575030,Transportation
363,538892,5,621924,31536000,7084.51,,,,,,,1767236400,"2026-01-01,00:00:00",2026-01-01,538892-621924,Mortgage payments
364,510031,5,572391,31536000,323.44,,,,,,,1767236400,"2026-01-01,00:00:00",2026-01-01,510031-572391,NA
365,552988,5,572391,31536000,9063.18,,,,,,,1767236400,"2026-01-01,00:00:00",2026-01-01,552988-572391,NA
366,572391,5,567195,31536000,593.37,,,,,,,1767236400,"2026-01-01,00:00:00",2026-01-01,572391-567195,Personal insurance and pensions
367,572391,5,527449,31536000,377.58,,,,,,,1767236400,"2026-01-01,00:00:00",2026-01-01,572391-527449,Alcohol
368,572391,5,459381,31536000,330.92,,,,,,,1767236400,"2026-01-01,00:00:00",2026-01-01,572391-459381,Water and other public services
369,572391,5,595298,31536000,642.73,,,,,,,1767236400,"2026-01-01,00:00:00",2026-01-01,572391-595298,Groceries
370,572391,5,466907,31536000,288.38,,,,,,,1767236400,"2026-01-01,00:00:00",2026-01-01,572391-466907,Electricity
371,572391,5,589943,31536000,1117.58,,,,,,,1767236400,"2026-01-01,00:00:00",2026-01-01,572391-589943,Lodging away from home
372,572391,5,577992,31536000,619.38,,,,,,,1767236400,"2026-01-01,00:00:00",2026-01-01,572391-577992,Education
373,572391,5,537281,31536000,315.44,,,,,,,1767236400,"2026-01-01,00:00:00",2026-01-01,572391-537281,Housekeeping supplies
374,572391,5,580426,31536000,140.14,,,,,,,1767236400,"2026-01-01,00:00:00",2026-01-01,572391-580426,Telephone services
375,572391,5,616315,31536000,253.64,,,,,,,1767236400,"2026-01-01,00:00:00",2026-01-01,572391-616315,Apparel and services
376,572391,5,503701,31536000,1960.88,,,,,,,1767236400,"2026-01-01,00:00:00",2026-01-01,572391-503701,Miscellaneous
377,572391,5,632961,31536000,214.29,,,,,,,1767236400,"2026-01-01,00:00:00",2026-01-01,572391-632961,Personal care products and services
378,572391,5,473173,31536000,787.03,,,,,,,1767236400,"2026-01-01,00:00:00",2026-01-01,572391-473173,Household furnishings
379,620120,5,572391,31536000,1472.17,,,,,,,1767236400,"2026-01-01,00:00:00",2026-01-01,620120-572391,NA
380,572391,5,575030,31536000,7690.99,,,,,,,1767236400,"2026-01-01,00:00:00",2026-01-01,572391-575030,Transportation
381,572391,5,621924,31536000,3433.52,,,,,,,1767236400,"2026-01-01,00:00:00",2026-01-01,572391-621924,Mortgage payments
382,552988,5,542965,31536000,14865.8,,,,,,,1767236400,"2026-01-01,00:00:00",2026-01-01,552988-542965,NA
383,542965,5,567195,31536000,1031.52,,,,,,,1767236400,"2026-01-01,00:00:00",2026-01-01,542965-567195,Personal insurance and pensions
384,542965,5,527449,31536000,149.53,,,,,,,1767236400,"2026-01-01,00:00:00",2026-01-01,542965-527449,Alcohol
385,542965,5,459381,31536000,737.83,,,,,,,1767236400,"2026-01-01,00:00:00",2026-01-01,542965-459381,Water and other public services
386,542965,5,595298,31536000,3375.37,,,,,,,1767236400,"2026-01-01,00:00:00",2026-01-01,542965-595298,Groceries
387,542965,5,466907,31536000,177.36,,,,,,,1767236400,"2026-01-01,00:00:00",2026-01-01,542965-466907,Electricity
388,542965,5,589943,31536000,232.68,,,,,,,1767236400,"2026-01-01,00:00:00",2026-01-01,542965-589943,Lodging away from home
389,542965,5,537281,31536000,136.94,,,,,,,1767236400,"2026-01-01,00:00:00",2026-01-01,542965-537281,Housekeeping supplies
390,542965,5,523927,31536000,1100.57,,,,,,,1767236400,"2026-01-01,00:00:00",2026-01-01,542965-523927,Restaurants
391,542965,5,580426,31536000,613.8,,,,,,,1767236400,"2026-01-01,00:00:00",2026-01-01,542965-580426,Telephone services
392,542965,5,595581,31536000,1637.51,,,,,,,1767236400,"2026-01-01,00:00:00",2026-01-01,542965-595581,Donations
393,542965,5,616315,31536000,1420.57,,,,,,,1767236400,"2026-01-01,00:00:00",2026-01-01,542965-616315,Apparel and services
394,542965,5,642329,31536000,415.8,,,,,,,1767236400,"2026-01-01,00:00:00",2026-01-01,542965-642329,Household operations
395,542965,5,571970,31536000,210.09,,,,,,,1767236400,"2026-01-01,00:00:00",2026-01-01,542965-571970,Reading
396,542965,5,632961,31536000,373.32,,,,,,,1767236400,"2026-01-01,00:00:00",2026-01-01,542965-632961,Personal care products and services
397,542965,5,473173,31536000,310.96,,,,,,,1767236400,"2026-01-01,00:00:00",2026-01-01,542965-473173,Household furnishings
398,542965,5,620120,31536000,804.21,,,,,,,1767236400,"2026-01-01,00:00:00",2026-01-01,542965-620120,Personal taxes
399,542965,5,575030,31536000,8413.6,,,,,,,1767236400,"2026-01-01,00:00:00",2026-01-01,542965-575030,Transportation
400,542965,5,621924,31536000,798.15,,,,,,,1767236400,"2026-01-01,00:00:00",2026-01-01,542965-621924,Mortgage payments
401,536951,5,503218,31536000,1252.81,,,,,,,1767236400,"2026-01-01,00:00:00",2026-01-01,536951-503218,Natural gas
402,552988,5,536951,31536000,5234.64,,,,,,,1767236400,"2026-01-01,00:00:00",2026-01-01,552988-536951,NA
403,536951,5,567195,31536000,4019.67,,,,,,,1767236400,"2026-01-01,00:00:00",2026-01-01,536951-567195,Personal insurance and pensions
404,536951,5,527449,31536000,507.47,,,,,,,1767236400,"2026-01-01,00:00:00",2026-01-01,536951-527449,Alcohol
405,536951,5,459381,31536000,200.63,,,,,,,1767236400,"2026-01-01,00:00:00",2026-01-01,536951-459381,Water and other public services
406,536951,5,595298,31536000,1391.04,,,,,,,1767236400,"2026-01-01,00:00:00",2026-01-01,536951-595298,Groceries
407,536951,5,466907,31536000,620.27,,,,,,,1767236400,"2026-01-01,00:00:00",2026-01-01,536951-466907,Electricity
408,536951,5,589943,31536000,449.32,,,,,,,1767236400,"2026-01-01,00:00:00",2026-01-01,536951-589943,Lodging away from home
409,536951,5,577992,31536000,2552.28,,,,,,,1767236400,"2026-01-01,00:00:00",2026-01-01,536951-577992,Education
410,536951,5,537281,31536000,421.71,,,,,,,1767236400,"2026-01-01,00:00:00",2026-01-01,536951-537281,Housekeeping supplies
411,536951,5,523927,31536000,475.36,,,,,,,1767236400,"2026-01-01,00:00:00",2026-01-01,536951-523927,Restaurants
412,536951,5,580426,31536000,394.63,,,,,,,1767236400,"2026-01-01,00:00:00",2026-01-01,536951-580426,Telephone services
413,536951,5,595581,31536000,954.38,,,,,,,1767236400,"2026-01-01,00:00:00",2026-01-01,536951-595581,Donations
414,536951,5,616315,31536000,2141.56,,,,,,,1767236400,"2026-01-01,00:00:00",2026-01-01,536951-616315,Apparel and services
415,536951,5,642329,31536000,1414.94,,,,,,,1767236400,"2026-01-01,00:00:00",2026-01-01,536951-642329,Household operations
416,536951,5,503701,31536000,3296.54,,,,,,,1767236400,"2026-01-01,00:00:00",2026-01-01,536951-503701,Miscellaneous
417,536951,5,473173,31536000,221.54,,,,,,,1767236400,"2026-01-01,00:00:00",2026-01-01,536951-473173,Household furnishings
418,536951,5,620120,31536000,1187.43,,,,,,,1767236400,"2026-01-01,00:00:00",2026-01-01,536951-620120,Personal taxes
419,536951,5,575030,31536000,4620.27,,,,,,,1767236400,"2026-01-01,00:00:00",2026-01-01,536951-575030,Transportation
420,552988,5,466976,31536000,38019.8,,,,,,,1767236400,"2026-01-01,00:00:00",2026-01-01,552988-466976,NA
421,466976,5,527449,31536000,640.95,,,,,,,1767236400,"2026-01-01,00:00:00",2026-01-01,466976-527449,Alcohol
422,466976,5,459381,31536000,2249.28,,,,,,,1767236400,"2026-01-01,00:00:00",2026-01-01,466976-459381,Water and other public services
423,466976,5,595298,31536000,7533.16,,,,,,,1767236400,"2026-01-01,00:00:00",2026-01-01,466976-595298,Groceries
424,466976,5,466907,31536000,576.32,,,,,,,1767236400,"2026-01-01,00:00:00",2026-01-01,466976-466907,Electricity
425,466976,5,589943,31536000,3435.72,,,,,,,1767236400,"2026-01-01,00:00:00",2026-01-01,466976-589943,Lodging away from home
426,466976,5,577992,31536000,3963.81,,,,,,,1767236400,"2026-01-01,00:00:00",2026-01-01,466976-577992,Education
427,466976,5,537281,31536000,848.82,,,,,,,1767236400,"2026-01-01,00:00:00",2026-01-01,466976-537281,Housekeeping supplies
428,466976,5,523927,31536000,3202.79,,,,,,,1767236400,"2026-01-01,00:00:00",2026-01-01,466976-523927,Restaurants
429,466976,5,642329,31536000,1652.08,,,,,,,1767236400,"2026-01-01,00:00:00",2026-01-01,466976-642329,Household operations
430,466976,5,503701,31536000,5169.73,,,,,,,1767236400,"2026-01-01,00:00:00",2026-01-01,466976-503701,Miscellaneous
431,466976,5,571970,31536000,168.32,,,,,,,1767236400,"2026-01-01,00:00:00",2026-01-01,466976-571970,Reading
432,466976,5,632961,31536000,723.89,,,,,,,1767236400,"2026-01-01,00:00:00",2026-01-01,466976-632961,Personal care products and services
433,466976,5,473173,31536000,7146.89,,,,,,,1767236400,"2026-01-01,00:00:00",2026-01-01,466976-473173,Household furnishings
434,466976,5,620120,31536000,248.9,,,,,,,1767236400,"2026-01-01,00:00:00",2026-01-01,466976-620120,Personal taxes
435,466976,5,575030,31536000,5749.62,,,,,,,1767236400,"2026-01-01,00:00:00",2026-01-01,466976-575030,Transportation
436,466976,5,621924,31536000,3816.99,,,,,,,1767236400,"2026-01-01,00:00:00",2026-01-01,466976-621924,Mortgage payments
437,510031,5,607386,31536000,915.56,,,,,,,1767236400,"2026-01-01,00:00:00",2026-01-01,510031-607386,NA
438,552988,5,607386,31536000,67455.8,,,,,,,1767236400,"2026-01-01,00:00:00",2026-01-01,552988-607386,NA
439,607386,5,567195,31536000,3985.69,,,,,,,1767236400,"2026-01-01,00:00:00",2026-01-01,607386-567195,Personal insurance and pensions
440,607386,5,527449,31536000,352.43,,,,,,,1767236400,"2026-01-01,00:00:00",2026-01-01,607386-527449,Alcohol
441,607386,5,459381,31536000,174.81,,,,,,,1767236400,"2026-01-01,00:00:00",2026-01-01,607386-459381,Water and other public services
442,607386,5,595298,31536000,5638.62,,,,,,,1767236400,"2026-01-01,00:00:00",2026-01-01,607386-595298,Groceries
443,607386,5,466907,31536000,2396.91,,,,,,,1767236400,"2026-01-01,00:00:00",2026-01-01,607386-466907,Electricity
444,607386,5,589943,31536000,622.79,,,,,,,1767236400,"2026-01-01,00:00:00",2026-01-01,607386-589943,Lodging away from home
445,607386,5,537281,31536000,170.71,,,,,,,1767236400,"2026-01-01,00:00:00",2026-01-01,607386-537281,Housekeeping supplies
446,607386,5,523927,31536000,4129.17,,,,,,,1767236400,"2026-01-01,00:00:00",2026-01-01,607386-523927,Restaurants
447,607386,5,580426,31536000,790.97,,,,,,,1767236400,"2026-01-01,00:00:00",2026-01-01,607386-580426,Telephone services
448,607386,5,595581,31536000,618.59,,,,,,,1767236400,"2026-01-01,00:00:00",2026-01-01,607386-595581,Donations
449,607386,5,642329,31536000,2377.76,,,,,,,1767236400,"2026-01-01,00:00:00",2026-01-01,607386-642329,Household operations
450,607386,5,503701,31536000,6084.53,,,,,,,1767236400,"2026-01-01,00:00:00",2026-01-01,607386-503701,Miscellaneous
451,607386,5,632961,31536000,347.93,,,,,,,1767236400,"2026-01-01,00:00:00",2026-01-01,607386-632961,Personal care products and services
452,607386,5,473173,31536000,3632.97,,,,,,,1767236400,"2026-01-01,00:00:00",2026-01-01,607386-473173,Household furnishings
453,620120,5,607386,31536000,601.22,,,,,,,1767236400,"2026-01-01,00:00:00",2026-01-01,620120-607386,NA
454,607386,5,575030,31536000,18698.1,,,,,,,1767236400,"2026-01-01,00:00:00",2026-01-01,607386-575030,Transportation
455,607386,5,621924,31536000,2016.27,,,,,,,1767236400,"2026-01-01,00:00:00",2026-01-01,607386-621924,Mortgage payments
456,628223,5,503218,31536000,2582.67,,,,,,,1767236400,"2026-01-01,00:00:00",2026-01-01,628223-503218,Natural gas
457,628223,5,630626,31536000,8091.25,,,,,,,1767236400,"2026-01-01,00:00:00",2026-01-01,628223-630626,Rented dwellings
458,510031,5,628223,31536000,1129.49,,,,,,,1767236400,"2026-01-01,00:00:00",2026-01-01,510031-628223,NA
459,552988,5,628223,31536000,86251.6,,,,,,,1767236400,"2026-01-01,00:00:00",2026-01-01,552988-628223,NA
460,628223,5,567195,31536000,9336.13,,,,,,,1767236400,"2026-01-01,00:00:00",2026-01-01,628223-567195,Personal insurance and pensions
461,628223,5,527449,31536000,576.14,,,,,,,1767236400,"2026-01-01,00:00:00",2026-01-01,628223-527449,Alcohol
462,628223,5,459381,31536000,978.47,,,,,,,1767236400,"2026-01-01,00:00:00",2026-01-01,628223-459381,Water and other public services
463,628223,5,595298,31536000,8384.06,,,,,,,1767236400,"2026-01-01,00:00:00",2026-01-01,628223-595298,Groceries
464,628223,5,466907,31536000,1096.37,,,,,,,1767236400,"2026-01-01,00:00:00",2026-01-01,628223-466907,Electricity
465,628223,5,606730,31536000,1846.53,,,,,,,1767236400,"2026-01-01,00:00:00",2026-01-01,628223-606730,Entertainment
466,628223,5,537281,31536000,948.57,,,,,,,1767236400,"2026-01-01,00:00:00",2026-01-01,628223-537281,Housekeeping supplies
467,628223,5,523927,31536000,4632.3,,,,,,,1767236400,"2026-01-01,00:00:00",2026-01-01,628223-523927,Restaurants
468,628223,5,580426,31536000,30.83,,,,,,,1767236400,"2026-01-01,00:00:00",2026-01-01,628223-580426,Telephone services
469,628223,5,595581,31536000,3739.59,,,,,,,1767236400,"2026-01-01,00:00:00",2026-01-01,628223-595581,Donations
470,628223,5,642329,31536000,4394.98,,,,,,,1767236400,"2026-01-01,00:00:00",2026-01-01,628223-642329,Household operations
471,628223,5,503701,31536000,7443.2,,,,,,,1767236400,"2026-01-01,00:00:00",2026-01-01,628223-503701,Miscellaneous
472,628223,5,571970,31536000,304.78,,,,,,,1767236400,"2026-01-01,00:00:00",2026-01-01,628223-571970,Reading
473,628223,5,632961,31536000,520.28,,,,,,,1767236400,"2026-01-01,00:00:00",2026-01-01,628223-632961,Personal care products and services
474,628223,5,473173,31536000,6636.04,,,,,,,1767236400,"2026-01-01,00:00:00",2026-01-01,628223-473173,Household furnishings
475,628223,5,620120,31536000,4485.42,,,,,,,1767236400,"2026-01-01,00:00:00",2026-01-01,628223-620120,Personal taxes
476,628223,5,575030,31536000,19153.4,,,,,,,1767236400,"2026-01-01,00:00:00",2026-01-01,628223-575030,Transportation
477,628223,5,621924,31536000,1117.73,,,,,,,1767236400,"2026-01-01,00:00:00",2026-01-01,628223-621924,Mortgage payments
478,516236,5,630626,31536000,39291.8,,,,,,,1767236400,"2026-01-01,00:00:00",2026-01-01,516236-630626,Rented dwellings
479,510031,5,516236,31536000,6908.27,,,,,,,1767236400,"2026-01-01,00:00:00",2026-01-01,510031-516236,NA
480,552988,5,516236,31536000,159997.0,,,,,,,1767236400,"2026-01-01,00:00:00",2026-01-01,552988-516236,NA
481,516236,5,567195,31536000,32142.3,,,,,,,1767236400,"2026-01-01,00:00:00",2026-01-01,516236-567195,Personal insurance and pensions
482,516236,5,527449,31536000,713.06,,,,,,,1767236400,"2026-01-01,00:00:00",2026-01-01,516236-527449,Alcohol
483,516236,5,459381,31536000,1904.74,,,,,,,1767236400,"2026-01-01,00:00:00",2026-01-01,516236-459381,Water and other public services
484,516236,5,595298,31536000,1406.81,,,,,,,1767236400,"2026-01-01,00:00:00",2026-01-01,516236-595298,Groceries
485,516236,5,466907,31536000,1929.22,,,,,,,1767236400,"2026-01-01,00:00:00",2026-01-01,516236-466907,Electricity
486,516236,5,589943,31536000,6938.77,,,,,,,1767236400,"2026-01-01,00:00:00",2026-01-01,516236-589943,Lodging away from home
487,516236,5,537281,31536000,5302.1,,,,,,,1767236400,"2026-01-01,00:00:00",2026-01-01,516236-537281,Housekeeping supplies
488,516236,5,523927,31536000,2618.5,,,,,,,1767236400,"2026-01-01,00:00:00",2026-01-01,516236-523927,Restaurants
489,516236,5,580426,31536000,8956.1,,,,,,,1767236400,"2026-01-01,00:00:00",2026-01-01,516236-580426,Telephone services
490,516236,5,595581,31536000,11185.4,,,,,,,1767236400,"2026-01-01,00:00:00",2026-01-01,516236-595581,Donations
491,516236,5,616315,31536000,4836.31,,,,,,,1767236400,"2026-01-01,00:00:00",2026-01-01,516236-616315,Apparel and services
492,516236,5,503701,31536000,2574.66,,,,,,,1767236400,"2026-01-01,00:00:00",2026-01-01,516236-503701,Miscellaneous
493,516236,5,571970,31536000,280.38,,,,,,,1767236400,"2026-01-01,00:00:00",2026-01-01,516236-571970,Reading
494,516236,5,632961,31536000,353.31,,,,,,,1767236400,"2026-01-01,00:00:00",2026-01-01,516236-632961,Personal care products and services
495,516236,5,473173,31536000,2489.02,,,,,,,1767236400,"2026-01-01,00:00:00",2026-01-01,516236-473173,Household furnishings
496,516236,5,620120,31536000,146800.0,,,,,,,1767236400,"2026-01-01,00:00:00",2026-01-01,516236-620120,Personal taxes
497,516236,5,575030,31536000,41464.4,,,,,,,1767236400,"2026-01-01,00:00:00",2026-01-01,516236-575030,Transportation
498,516236,5,621924,31536000,47400.0,,,,,,,1767236400,"2026-01-01,00:00:00",2026-01-01,516236-621924,Mortgage payments
499,492701,5,503218,31536000,1399.05,,,,,,,1767236400,"2026-01-01,00:00:00",2026-01-01,492701-503218,Natural gas
500,492701,5,630626,31536000,9335.04,,,,,,,1767236400,"2026-01-01,00:00:00",2026-01-01,492701-630626,Rented dwellings
501,492701,5,536346,31536000,6111.55,,,,,,,1767236400,"2026-01-01,00:00:00",2026-01-01,492701-536346,Home maintenance
502,492701,5,520660,31536000,4744.49,,,,,,,1767236400,"2026-01-01,00:00:00",2026-01-01,492701-520660,Healthcare
503,552988,5,492701,31536000,39167.1,,,,,,,1767236400,"2026-01-01,00:00:00",2026-01-01,552988-492701,NA
504,492701,5,527449,31536000,170.12,,,,,,,1767236400,"2026-01-01,00:00:00",2026-01-01,492701-527449,Alcohol
505,492701,5,459381,31536000,1819.6,,,,,,,1767236400,"2026-01-01,00:00:00",2026-01-01,492701-459381,Water and other public services
506,492701,5,595298,31536000,8665.54,,,,,,,1767236400,"2026-01-01,00:00:00",2026-01-01,492701-595298,Groceries
507,492701,5,466907,31536000,1433.99,,,,,,,1767236400,"2026-01-01,00:00:00",2026-01-01,492701-466907,Electricity
508,492701,5,589943,31536000,4463.25,,,,,,,1767236400,"2026-01-01,00:00:00",2026-01-01,492701-589943,Lodging away from home
509,492701,5,523927,31536000,2261.47,,,,,,,1767236400,"2026-01-01,00:00:00",2026-01-01,492701-523927,Restaurants
510,492701,5,595581,31536000,3006.51,,,,,,,1767236400,"2026-01-01,00:00:00",2026-01-01,492701-595581,Donations
511,492701,5,616315,31536000,3052.63,,,,,,,1767236400,"2026-01-01,00:00:00",2026-01-01,492701-616315,Apparel and services
512,492701,5,642329,31536000,2193.96,,,,,,,1767236400,"2026-01-01,00:00:00",2026-01-01,492701-642329,Household operations
513,492701,5,571970,31536000,251.9,,,,,,,1767236400,"2026-01-01,00:00:00",2026-01-01,492701-571970,Reading
514,492701,5,644226,31536000,2367.25,,,,,,,1767236400,"2026-01-01,00:00:00",2026-01-01,492701-644226,Property taxes
515,492701,5,632961,31536000,532.37,,,,,,,1767236400,"2026-01-01,00:00:00",2026-01-01,492701-632961,Personal care products and services
516,492701,5,473173,31536000,612.6,,,,,,,1767236400,"2026-01-01,00:00:00",2026-01-01,492701-473173,Household furnishings
517,492701,5,620120,31536000,4436.3,,,,,,,1767236400,"2026-01-01,00:00:00",2026-01-01,492701-620120,Personal taxes
518,492701,5,575030,31536000,16279.8,,,,,,,1767236400,"2026-01-01,00:00:00",2026-01-01,492701-575030,Transportation
519,584736,5,630626,31536000,19167.7,,,,,,,1767236400,"2026-01-01,00:00:00",2026-01-01,584736-630626,Rented dwellings
520,552988,5,584736,31536000,134196.0,,,,,,,1767236400,"2026-01-01,00:00:00",2026-01-01,552988-584736,NA
521,584736,5,567195,31536000,26846.9,,,,,,,1767236400,"2026-01-01,00:00:00",2026-01-01,584736-567195,Personal insurance and pensions
522,584736,5,527449,31536000,494.71,,,,,,,1767236400,"2026-01-01,00:00:00",2026-01-01,584736-527449,Alcohol
523,584736,5,459381,31536000,2778.19,,,,,,,1767236400,"2026-01-01,00:00:00",2026-01-01,584736-459381,Water and other public services
524,584736,5,595298,31536000,7045.08,,,,,,,1767236400,"2026-01-01,00:00:00",2026-01-01,584736-595298,Groceries
525,584736,5,466907,31536000,534.07,,,,,,,1767236400,"2026-01-01,00:00:00",2026-01-01,584736-466907,Electricity
526,584736,5,589943,31536000,12526.9,,,,,,,1767236400,"2026-01-01,00:00:00",2026-01-01,584736-589943,Lodging away from home
527,584736,5,523927,31536000,6214.69,,,,,,,1767236400,"2026-01-01,00:00:00",2026-01-01,584736-523927,Restaurants
528,584736,5,580426,31536000,1500.31,,,,,,,1767236400,"2026-01-01,00:00:00",2026-01-01,584736-580426,Telephone services
529,584736,5,595581,31536000,15399.5,,,,,,,1767236400,"2026-01-01,00:00:00",2026-01-01,584736-595581,Donations
530,584736,5,616315,31536000,535.85,,,,,,,1767236400,"2026-01-01,00:00:00",2026-01-01,584736-616315,Apparel and services
531,584736,5,642329,31536000,6650.38,,,,,,,1767236400,"2026-01-01,00:00:00",2026-01-01,584736-642329,Household operations
532,584736,5,503701,31536000,5190.51,,,,,,,1767236400,"2026-01-01,00:00:00",2026-01-01,584736-503701,Miscellaneous
533,584736,5,571970,31536000,117.94,,,,,,,1767236400,"2026-01-01,00:00:00",2026-01-01,584736-571970,Reading
534,584736,5,632961,31536000,1100.5,,,,,,,1767236400,"2026-01-01,00:00:00",2026-01-01,584736-632961,Personal care products and services
535,584736,5,473173,31536000,8001.41,,,,,,,1767236400,"2026-01-01,00:00:00",2026-01-01,584736-473173,Household furnishings
536,584736,5,620120,31536000,11520.6,,,,,,,1767236400,"2026-01-01,00:00:00",2026-01-01,584736-620120,Personal taxes
537,584736,5,621924,31536000,15668.2,,,,,,,1767236400,"2026-01-01,00:00:00",2026-01-01,584736-621924,Mortgage payments
538,520084,5,640784,31536000,1761.31,,,,,,,1767236400,"2026-01-01,00:00:00",2026-01-01,520084-640784,Tobacco
539,520084,5,630626,31536000,10072.2,,,,,,,1767236400,"2026-01-01,00:00:00",2026-01-01,520084-630626,Rented dwellings
540,520084,5,536346,31536000,3978.84,,,,,,,1767236400,"2026-01-01,00:00:00",2026-01-01,520084-536346,Home maintenance
541,510031,5,520084,31536000,2024.7,,,,,,,1767236400,"2026-01-01,00:00:00",2026-01-01,510031-520084,NA
542,520084,5,520660,31536000,11179.5,,,,,,,1767236400,"2026-01-01,00:00:00",2026-01-01,520084-520660,Healthcare
543,552988,5,520084,31536000,129601.0,,,,,,,1767236400,"2026-01-01,00:00:00",2026-01-01,552988-520084,NA
544,520084,5,567195,31536000,17907.0,,,,,,,1767236400,"2026-01-01,00:00:00",2026-01-01,520084-567195,Personal insurance and pensions
545,520084,5,527449,31536000,522.39,,,,,,,1767236400,"2026-01-01,00:00:00",2026-01-01,520084-527449,Alcohol
546,520084,5,459381,31536000,994.25,,,,,,,1767236400,"2026-01-01,00:00:00",2026-01-01,520084-459381,Water and other public services
547,520084,5,595298,31536000,2315.62,,,,,,,1767236400,"2026-01-01,00:00:00",2026-01-01,520084-595298,Groceries
548,520084,5,466907,31536000,1531.51,,,,,,,1767236400,"2026-01-01,00:00:00",2026-01-01,520084-466907,Electricity
549,520084,5,589943,31536000,15080.3,,,,,,,1767236400,"2026-01-01,00:00:00",2026-01-01,520084-589943,Lodging away from home
550,520084,5,577992,31536000,8845.36,,,,,,,1767236400,"2026-01-01,00:00:00",2026-01-01,520084-577992,Education
551,520084,5,537281,31536000,2262.18,,,,,,,1767236400,"2026-01-01,00:00:00",2026-01-01,520084-537281,Housekeeping supplies
552,520084,5,523927,31536000,5343.67,,,,,,,1767236400,"2026-01-01,00:00:00",2026-01-01,520084-523927,Restaurants
553,520084,5,580426,31536000,2588.29,,,,,,,1767236400,"2026-01-01,00:00:00",2026-01-01,520084-580426,Telephone services
554,520084,5,595581,31536000,13260.7,,,,,,,1767236400,"2026-01-01,00:00:00",2026-01-01,520084-595581,Donations
555,520084,5,642329,31536000,2230.88,,,,,,,1767236400,"2026-01-01,00:00:00",2026-01-01,520084-642329,Household operations
556,520084,5,503701,31536000,16249.6,,,,,,,1767236400,"2026-01-01,00:00:00",2026-01-01,520084-503701,Miscellaneous
557,520084,5,644226,31536000,2347.91,,,,,,,1767236400,"2026-01-01,00:00:00",2026-01-01,520084-644226,Property taxes
558,520084,5,632961,31536000,2580.06,,,,,,,1767236400,"2026-01-01,00:00:00",2026-01-01,520084-632961,Personal care products and services
559,520084,5,473173,31536000,530.03,,,,,,,1767236400,"2026-01-01,00:00:00",2026-01-01,520084-473173,Household furnishings
560,520084,5,620120,31536000,20358.5,,,,,,,1767236400,"2026-01-01,00:00:00",2026-01-01,520084-620120,Personal taxes
561,520084,5,575030,31536000,30415.8,,,,,,,1767236400,"2026-01-01,00:00:00",2026-01-01,520084-575030,Transportation
562,529433,5,640784,31536000,3538.33,,,,,,,1767236400,"2026-01-01,00:00:00",2026-01-01,529433-640784,Tobacco
563,529433,5,630626,31536000,13854.7,,,,,,,1767236400,"2026-01-01,00:00:00",2026-01-01,529433-630626,Rented dwellings
564,529433,5,536346,31536000,4349.74,,,,,,,1767236400,"2026-01-01,00:00:00",2026-01-01,529433-536346,Home maintenance
565,510031,5,529433,31536000,1284.37,,,,,,,1767236400,"2026-01-01,00:00:00",2026-01-01,510031-529433,NA
566,529433,5,520660,31536000,10862.7,,,,,,,1767236400,"2026-01-01,00:00:00",2026-01-01,529433-520660,Healthcare
567,552988,5,529433,31536000,121408.0,,,,,,,1767236400,"2026-01-01,00:00:00",2026-01-01,552988-529433,NA
568,529433,5,567195,31536000,6540.34,,,,,,,1767236400,"2026-01-01,00:00:00",2026-01-01,529433-567195,Personal insurance and pensions
569,529433,5,527449,31536000,1415.99,,,,,,,1767236400,"2026-01-01,00:00:00",2026-01-01,529433-527449,Alcohol
570,529433,5,459381,31536000,1597.54,,,,,,,1767236400,"2026-01-01,00:00:00",2026-01-01,529433-459381,Water and other public services
571,529433,5,595298,31536000,1812.17,,,,,,,1767236400,"2026-01-01,00:00:00",2026-01-01,529433-595298,Groceries
572,529433,5,466907,31536000,2716.27,,,,,,,1767236400,"2026-01-01,00:00:00",2026-01-01,529433-466907,Electricity
573,529433,5,606730,31536000,3419.82,,,,,,,1767236400,"2026-01-01,00:00:00",2026-01-01,529433-606730,Entertainment
574,529433,5,589943,31536000,3143.13,,,,,,,1767236400,"2026-01-01,00:00:00",2026-01-01,529433-589943,Lodging away from home
575,529433,5,577992,31536000,8060.6,,,,,,,1767236400,"2026-01-01,00:00:00",2026-01-01,529433-577992,Education
576,529433,5,537281,31536000,460.34,,,,,,,1767236400,"2026-01-01,00:00:00",2026-01-01,529433-537281,Housekeeping supplies
577,529433,5,523927,31536000,5167.03,,,,,,,1767236400,"2026-01-01,00:00:00",2026-01-01,529433-523927,Restaurants
578,529433,5,580426,31536000,2514.63,,,,,,,1767236400,"2026-01-01,00:00:00",2026-01-01,529433-580426,Telephone services
579,529433,5,616315,31536000,4385.38,,,,,,,1767236400,"2026-01-01,00:00:00",2026-01-01,529433-616315,Apparel and services
580,529433,5,642329,31536000,684.27,,,,,,,1767236400,"2026-01-01,00:00:00",2026-01-01,529433-642329,Household operations
581,529433,5,503701,31536000,210.5,,,,,,,1767236400,"2026-01-01,00:00:00",2026-01-01,529433-503701,Miscellaneous
582,529433,5,644226,31536000,2158.6,,,,,,,1767236400,"2026-01-01,00:00:00",2026-01-01,529433-644226,Property taxes
583,529433,5,632961,31536000,1017.67,,,,,,,1767236400,"2026-01-01,00:00:00",2026-01-01,529433-632961,Personal care products and services
584,529433,5,473173,31536000,6453.51,,,,,,,1767236400,"2026-01-01,00:00:00",2026-01-01,529433-473173,Household furnishings
585,529433,5,620120,31536000,13393.6,,,,,,,1767236400,"2026-01-01,00:00:00",2026-01-01,529433-620120,Personal taxes
586,529433,5,575030,31536000,15821.9,,,,,,,1767236400,"2026-01-01,00:00:00",2026-01-01,529433-575030,Transportation
587,529433,5,621924,31536000,6900.2,,,,,,,1767236400,"2026-01-01,00:00:00",2026-01-01,529433-621924,Mortgage payments
588,493094,5,630626,31536000,10157.6,,,,,,,1767236400,"2026-01-01,00:00:00",2026-01-01,493094-630626,Rented dwellings
589,552988,5,493094,31536000,79413.8,,,,,,,1767236400,"2026-01-01,00:00:00",2026-01-01,552988-493094,NA
590,493094,5,567195,31536000,6315.32,,,,,,,1767236400,"2026-01-01,00:00:00",2026-01-01,493094-567195,Personal insurance and pensions
591,493094,5,527449,31536000,1159.64,,,,,,,1767236400,"2026-01-01,00:00:00",2026-01-01,493094-527449,Alcohol
592,493094,5,459381,31536000,1793.02,,,,,,,1767236400,"2026-01-01,00:00:00",2026-01-01,493094-459381,Water and other public services
593,493094,5,595298,31536000,2799.86,,,,,,,1767236400,"2026-01-01,00:00:00",2026-01-01,493094-595298,Groceries
594,493094,5,466907,31536000,1723.73,,,,,,,1767236400,"2026-01-01,00:00:00",2026-01-01,493094-466907,Electricity
595,493094,5,589943,31536000,4391.21,,,,,,,1767236400,"2026-01-01,00:00:00",2026-01-01,493094-589943,Lodging away from home
596,493094,5,577992,31536000,78.87,,,,,,,1767236400,"2026-01-01,00:00:00",2026-01-01,493094-577992,Education
597,493094,5,523927,31536000,10214.8,,,,,,,1767236400,"2026-01-01,00:00:00",2026-01-01,493094-523927,Restaurants
598,493094,5,580426,31536000,1173.68,,,,,,,1767236400,"2026-01-01,00:00:00",2026-01-01,493094-580426,Telephone services
599,493094,5,616315,31536000,1631.93,,,,,,,1767236400,"2026-01-01,00:00:00",2026-01-01,493094-616315,Apparel and services
600,493094,5,642329,31536000,4803.92,,,,,,,1767236400,"2026-01-01,00:00:00",2026-01-01,493094-642329,Household operations
601,493094,5,503701,31536000,3163.52,,,,,,,1767236400,"2026-01-01,00:00:00",2026-01-01,493094-503701,Miscellaneous
602,493094,5,571970,31536000,616.21,,,,,,,1767236400,"2026-01-01,00:00:00",2026-01-01,493094-571970,Reading
603,493094,5,473173,31536000,3725.96,,,,,,,1767236400,"2026-01-01,00:00:00",2026-01-01,493094-473173,Household furnishings
604,493094,5,620120,31536000,3582.65,,,,,,,1767236400,"2026-01-01,00:00:00",2026-01-01,493094-620120,Personal taxes
605,493094,5,621924,31536000,2441.93,,,,,,,1767236400,"2026-01-01,00:00:00",2026-01-01,493094-621924,Mortgage payments
606,510031,5,604113,31536000,115.29,,,,,,,1767236400,"2026-01-01,00:00:00",2026-01-01,510031-604113,NA
607,552988,5,604113,31536000,2933.47,,,,,,,1767236400,"2026-01-01,00:00:00",2026-01-01,552988-604113,NA
608,604113,5,567195,31536000,102.25,,,,,,,1767236400,"2026-01-01,00:00:00",2026-01-01,604113-567195,Personal insurance and pensions
609,604113,5,527449,31536000,153.88,,,,,,,1767236400,"2026-01-01,00:00:00",2026-01-01,604113-527449,Alcohol
610,604113,5,459381,31536000,698.03,,,,,,,1767236400,"2026-01-01,00:00:00",2026-01-01,604113-459381,Water and other public services
611,604113,5,595298,31536000,926.2,,,,,,,1767236400,"2026-01-01,00:00:00",2026-01-01,604113-595298,Groceries
612,604113,5,466907,31536000,233.46,,,,,,,1767236400,"2026-01-01,00:00:00",2026-01-01,604113-466907,Electricity
613,604113,5,537281,31536000,539.3,,,,,,,1767236400,"2026-01-01,00:00:00",2026-01-01,604113-537281,Housekeeping supplies
614,604113,5,523927,31536000,323.11,,,,,,,1767236400,"2026-01-01,00:00:00",2026-01-01,604113-523927,Restaurants
615,604113,5,580426,31536000,53.94,,,,,,,1767236400,"2026-01-01,00:00:00",2026-01-01,604113-580426,Telephone services
616,604113,5,616315,31536000,437.88,,,,,,,1767236400,"2026-01-01,00:00:00",2026-01-01,604113-616315,Apparel and services
617,604113,5,642329,31536000,402.74,,,,,,,1767236400,"2026-01-01,00:00:00",2026-01-01,604113-642329,Household operations
618,604113,5,503701,31536000,449.99,,,,,,,1767236400,"2026-01-01,00:00:00",2026-01-01,604113-503701,Miscellaneous
619,604113,5,632961,31536000,1.53,,,,,,,1767236400,"2026-01-01,00:00:00",2026-01-01,604113-632961,Personal care products and services
620,604113,5,473173,31536000,435.11,,,,,,,1767236400,"2026-01-01,00:00:00",2026-01-01,604113-473173,Household furnishings
621,620120,5,604113,31536000,154.55,,,,,,,1767236400,"2026-01-01,00:00:00",2026-01-01,620120-604113,NA
622,604113,5,621924,31536000,796.54,,,,,,,1767236400,"2026-01-01,00:00:00",2026-01-01,604113-621924,Mortgage payments
623,510031,5,493652,31536000,735.72,,,,,,,1767236400,"2026-01-01,00:00:00",2026-01-01,510031-493652,NA
624,552988,5,493652,31536000,15445.8,,,,,,,1767236400,"2026-01-01,00:00:00",2026-01-01,552988-493652,NA
625,493652,5,567195,31536000,2055.58,,,,,,,1767236400,"2026-01-01,00:00:00",2026-01-01,493652-567195,Personal insurance and pensions
626,493652,5,527449,31536000,142.76,,,,,,,1767236400,"2026-01-01,00:00:00",2026-01-01,493652-527449,Alcohol
627,493652,5,459381,31536000,156.76,,,,,,,1767236400,"2026-01-01,00:00:00",2026-01-01,493652-459381,Water and other public services
628,493652,5,595298,31536000,1299.03,,,,,,,1767236400,"2026-01-01,00:00:00",2026-01-01,493652-595298,Groceries
629,493652,5,466907,31536000,336.29,,,,,,,1767236400,"2026-01-01,00:00:00",2026-01-01,493652-466907,Electricity
630,493652,5,577992,31536000,120.27,,,,,,,1767236400,"2026-01-01,00:00:00",2026-01-01,493652-577992,Education
631,493652,5,537281,31536000,304.65,,,,,,,1767236400,"2026-01-01,00:00:00",2026-01-01,493652-537281,Housekeeping supplies
632,493652,5,523927,31536000,1011.58,,,,,,,1767236400,"2026-01-01,00:00:00",2026-01-01,493652-523927,Restaurants
633,493652,5,595581,31536000,214.43,,,,,,,1767236400,"2026-01-01,00:00:00",2026-01-01,493652-595581,Donations
634,493652,5,616315,31536000,284.93,,,,,,,1767236400,"2026-01-01,00:00:00",2026-01-01,493652-616315,Apparel and services
635,493652,5,642329,31536000,490.95,,,,,,,1767236400,"2026-01-01,00:00:00",2026-01-01,493652-642329,Household operations
636,493652,5,503701,31536000,1132.0,,,,,,,1767236400,"2026-01-01,00:00:00",2026-01-01,493652-503701,Miscellaneous
637,493652,5,571970,31536000,38.67,,,,,,,1767236400,"2026-01-01,00:00:00",2026-01-01,493652-571970,Reading
638,493652,5,632961,31536000,78.12,,,,,,,1767236400,"2026-01-01,00:00:00",2026-01-01,493652-632961,Personal care products and services
639,493652,5,473173,31536000,1651.44,,,,,,,1767236400,"2026-01-01,00:00:00",2026-01-01,493652-473173,Household furnishings
640,493652,5,620120,31536000,1018.22,,,,,,,1767236400,"2026-01-01,00:00:00",2026-01-01,493652-620120,Personal taxes
641,493652,5,575030,31536000,8492.89,,,,,,,1767236400,"2026-01-01,00:00:00",2026-01-01,493652-575030,Transportation
642,493652,5,621924,31536000,85.67,,,,,,,1767236400,"2026-01-01,00:00:00",2026-01-01,493652-621924,Mortgage payments
643,510031,5,544074,31536000,173.45,,,,,,,1767236400,"2026-01-01,00:00:00",2026-01-01,510031-544074,NA
644,552988,5,544074,31536000,5639.96,,,,,,,1767236400,"2026-01-01,00:00:00",2026-01-01,552988-544074,NA
645,544074,5,567195,31536000,1003.13,,,,,,,1767236400,"2026-01-01,00:00:00",2026-01-01,544074-567195,Personal insurance and pensions
646,544074,5,527449,31536000,139.33,,,,,,,1767236400,"2026-01-01,00:00:00",2026-01-01,544074-527449,Alcohol
647,544074,5,459381,31536000,259.1,,,,,,,1767236400,"2026-01-01,00:00:00",2026-01-01,544074-459381,Water and other public services
648,544074,5,595298,31536000,370.86,,,,,,,1767236400,"2026-01-01,00:00:00",2026-01-01,544074-595298,Groceries
649,544074,5,466907,31536000,132.61,,,,,,,1767236400,"2026-01-01,00:00:00",2026-01-01,544074-466907,Electricity
650,544074,5,589943,31536000,233.7,,,,,,,1767236400,"2026-01-01,00:00:00",2026-01-01,544074-589943,Lodging away from home
651,544074,5,577992,31536000,73.43,,,,,,,1767236400,"2026-01-01,00:00:00",2026-01-01,544074-577992,Education
652,544074,5,537281,31536000,114.21,,,,,,,1767236400,"2026-01-01,00:00:00",2026-01-01,544074-537281,Housekeeping supplies
653,544074,5,523927,31536000,382.88,,,,,,,1767236400,"2026-01-01,00:00:00",2026-01-01,544074-523927,Restaurants
654,544074,5,580426,31536000,18.12,,,,,,,1767236400,"2026-01-01,00:00:00",2026-01-01,544074-580426,Telephone services
655,544074,5,595581,31536000,376.4,,,,,,,1767236400,"2026-01-01,00:00:00",2026-01-01,544074-595581,Donations
656,544074,5,616315,31536000,447.16,,,,,,,1767236400,"2026-01-01,00:00:00",2026-01-01,544074-616315,Apparel and services
657,544074,5,503701,31536000,567.43,,,,,,,1767236400,"2026-01-01,00:00:00",2026-01-01,544074-503701,Miscellaneous
658,544074,5,632961,31536000,4.52,,,,,,,1767236400,"2026-01-01,00:00:00",2026-01-01,544074-632961,Personal care products and services
659,544074,5,473173,31536000,592.22,,,,,,,1767236400,"2026-01-01,00:00:00",2026-01-01,544074-473173,Household furnishings
660,544074,5,620120,31536000,243.68,,,,,,,1767236400,"2026-01-01,00:00:00",2026-01-01,544074-620120,Personal taxes
661,544074,5,575030,31536000,2345.31,,,,,,,1767236400,"2026-01-01,00:00:00",2026-01-01,544074-575030,Transportation
662,541619,5,630626,31536000,1088.77,,,,,,,1767236400,"2026-01-01,00:00:00",2026-01-01,541619-630626,Rented dwellings
663,541619,5,536346,31536000,444.32,,,,,,,1767236400,"2026-01-01,00:00:00",2026-01-01,541619-536346,Home maintenance
664,541619,5,520660,31536000,713.5,,,,,,,1767236400,"2026-01-01,00:00:00",2026-01-01,541619-520660,Healthcare
665,552988,5,541619,31536000,4553.79,,,,,,,1767236400,"2026-01-01,00:00:00",2026-01-01,552988-541619,NA
666,541619,5,567195,31536000,26.11,,,,,,,1767236400,"2026-01-01,00:00:00",2026-01-01,541619-567195,Personal insurance and pensions
667,541619,5,527449,31536000,75.27,,,,,,,1767236400,"2026-01-01,00:00:00",2026-01-01,541619-527449,Alcohol
668,541619,5,459381,31536000,218.46,,,,,,,1767236400,"2026-01-01,00:00:00",2026-01-01,541619-459381,Water and other public services
669,541619,5,595298,31536000,208.62,,,,,,,1767236400,"2026-01-01,00:00:00",2026-01-01,541619-595298,Groceries
670,541619,5,466907,31536000,231.44,,,,,,,1767236400,"2026-01-01,00:00:00",2026-01-01,541619-466907,Electricity
671,541619,5,589943,31536000,577.37,,,,,,,1767236400,"2026-01-01,00:00:00",2026-01-01,541619-589943,Lodging away from home
672,541619,5,577992,31536000,16.34,,,,,,,1767236400,"2026-01-01,00:00:00",2026-01-01,541619-577992,Education
673,541619,5,537281,31536000,92.3,,,,,,,1767236400,"2026-01-01,00:00:00",2026-01-01,541619-537281,Housekeeping supplies
674,541619,5,523927,31536000,263.52,,,,,,,1767236400,"2026-01-01,00:00:00",2026-01-01,541619-523927,Restaurants
675,541619,5,580426,31536000,125.82,,,,,,,1767236400,"2026-01-01,00:00:00",2026-01-01,541619-580426,Telephone services
676,541619,5,595581,31536000,588.78,,,,,,,1767236400,"2026-01-01,00:00:00",2026-01-01,541619-595581,Donations
677,541619,5,616315,31536000,669.26,,,,,,,1767236400,"2026-01-01,00:00:00",2026-01-01,541619-616315,Apparel and services
678,541619,5,642329,31536000,21.65,,,,,,,1767236400,"2026-01-01,00:00:00",2026-01-01,541619-642329,Household operations
679,541619,5,503701,31536000,574.32,,,,,,,1767236400,"2026-01-01,00:00:00",2026-01-01,541619-503701,Miscellaneous
680,541619,5,571970,31536000,4.93,,,,,,,1767236400,"2026-01-01,00:00:00",2026-01-01,541619-571970,Reading
681,541619,5,644226,31536000,146.4,,,,,,,1767236400,"2026-01-01,00:00:00",2026-01-01,541619-644226,Property taxes
682,541619,5,632961,31536000,85.13,,,,,,,1767236400,"2026-01-01,00:00:00",2026-01-01,541619-632961,Personal care products and services
683,541619,5,473173,31536000,1085.42,,,,,,,1767236400,"2026-01-01,00:00:00",2026-01-01,541619-473173,Household furnishings
684,541619,5,620120,31536000,72.99,,,,,,,1767236400,"2026-01-01,00:00:00",2026-01-01,541619-620120,Personal taxes
685,541619,5,575030,31536000,2793.29,,,,,,,1767236400,"2026-01-01,00:00:00",2026-01-01,541619-575030,Transportation
686,541619,5,621924,31536000,283.97,,,,,,,1767236400,"2026-01-01,00:00:00",2026-01-01,541619-621924,Mortgage payments
687,614761,5,630626,31536000,4471.64,,,,,,,1767236400,"2026-01-01,00:00:00",2026-01-01,614761-630626,Rented dwellings
688,510031,5,614761,31536000,2505.35,,,,,,,1767236400,"2026-01-01,00:00:00",2026-01-01,510031-614761,NA
689,552988,5,614761,31536000,24662.9,,,,,,,1767236400,"2026-01-01,00:00:00",2026-01-01,552988-614761,NA
690,614761,5,527449,31536000,11.82,,,,,,,1767236400,"2026-01-01,00:00:00",2026-01-01,614761-527449,Alcohol
691,614761,5,459381,31536000,663.33,,,,,,,1767236400,"2026-01-01,00:00:00",2026-01-01,614761-459381,Water and other public services
692,614761,5,595298,31536000,1026.74,,,,,,,1767236400,"2026-01-01,00:00:00",2026-01-01,614761-595298,Groceries
693,614761,5,466907,31536000,584.32,,,,,,,1767236400,"2026-01-01,00:00:00",2026-01-01,614761-466907,Electricity
694,614761,5,577992,31536000,847.85,,,,,,,1767236400,"2026-01-01,00:00:00",2026-01-01,614761-577992,Education
695,614761,5,537281,31536000,425.54,,,,,,,1767236400,"2026-01-01,00:00:00",2026-01-01,614761-537281,Housekeeping supplies
696,614761,5,523927,31536000,3508.3,,,,,,,1767236400,"2026-01-01,00:00:00",2026-01-01,614761-523927,Restaurants
697,614761,5,580426,31536000,17.14,,,,,,,1767236400,"2026-01-01,00:00:00",2026-01-01,614761-580426,Telephone services
698,614761,5,616315,31536000,460.73,,,,,,,1767236400,"2026-01-01,00:00:00",2026-01-01,614761-616315,Apparel and services
699,614761,5,642329,31536000,532.11,,,,,,,1767236400,"2026-01-01,00:00:00",2026-01-01,614761-642329,Household operations
700,614761,5,503701,31536000,1698.46,,,,,,,1767236400,"2026-01-01,00:00:00",2026-01-01,614761-503701,Miscellaneous
701,614761,5,632961,31536000,489.33,,,,,,,1767236400,"2026-01-01,00:00:00",2026-01-01,614761-632961,Personal care products and services
702,614761,5,473173,31536000,2501.87,,,,,,,1767236400,"2026-01-01,00:00:00",2026-01-01,614761-473173,Household furnishings
703,614761,5,620120,31536000,2556.09,,,,,,,1767236400,"2026-01-01,00:00:00",2026-01-01,614761-620120,Personal taxes
704,614761,5,575030,31536000,5740.1,,,,,,,1767236400,"2026-01-01,00:00:00",2026-01-01,614761-575030,Transportation
705,500813,5,640784,31536000,185.98,,,,,,,1767236400,"2026-01-01,00:00:00",2026-01-01,500813-640784,Tobacco
706,500813,5,630626,31536000,3233.06,,,,,,,1767236400,"2026-01-01,00:00:00",2026-01-01,500813-630626,Rented dwellings
707,500813,5,536346,31536000,1861.41,,,,,,,1767236400,"2026-01-01,00:00:00",2026-01-01,500813-536346,Home maintenance
708,500813,5,520660,31536000,1208.09,,,,,,,1767236400,"2026-01-01,00:00:00",2026-01-01,500813-520660,Healthcare
709,552988,5,500813,31536000,26707.8,,,,,,,1767236400,"2026-01-01,00:00:00",2026-01-01,552988-500813,NA
710,500813,5,567195,31536000,3517.64,,,,,,,1767236400,"2026-01-01,00:00:00",2026-01-01,500813-567195,Personal insurance and pensions
711,500813,5,527449,31536000,162.65,,,,,,,1767236400,"2026-01-01,00:00:00",2026-01-01,500813-527449,Alcohol
712,500813,5,459381,31536000,340.32,,,,,,,1767236400,"2026-01-01,00:00:00",2026-01-01,500813-459381,Water and other public services
713,500813,5,595298,31536000,703.66,,,,,,,1767236400,"2026-01-01,00:00:00",2026-01-01,500813-595298,Groceries
714,500813,5,466907,31536000,243.26,,,,,,,1767236400,"2026-01-01,00:00:00",2026-01-01,500813-466907,Electricity
715,500813,5,577992,31536000,2066.72,,,,,,,1767236400,"2026-01-01,00:00:00",2026-01-01,500813-577992,Education
716,500813,5,537281,31536000,635.44,,,,,,,1767236400,"2026-01-01,00:00:00",2026-01-01,500813-537281,Housekeeping supplies
717,500813,5,523927,31536000,2511.22,,,,,,,1767236400,"2026-01-01,00:00:00",2026-01-01,500813-523927,Restaurants
718,500813,5,580426,31536000,249.16,,,,,,,1767236400,"2026-01-01,00:00:00",2026-01-01,500813-580426,Telephone services
719,500813,5,616315,31536000,708.12,,,,,,,1767236400,"2026-01-01,00:00:00",2026-01-01,500813-616315,Apparel and services
720,500813,5,642329,31536000,1122.43,,,,,,,1767236400,"2026-01-01,00:00:00",2026-01-01,500813-642329,Household operations
721,500813,5,503701,31536000,1552.37,,,,,,,1767236400,"2026-01-01,00:00:00",2026-01-01,500813-503701,Miscellaneous
722,500813,5,571970,31536000,161.16,,,,,,,1767236400,"2026-01-01,00:00:00",2026-01-01,500813-571970,Reading
723,500813,5,644226,31536000,1241.29,,,,,,,1767236400,"2026-01-01,00:00:00",2026-01-01,500813-644226,Property taxes
724,500813,5,632961,31536000,285.6,,,,,,,1767236400,"2026-01-01,00:00:00",2026-01-01,500813-632961,Personal care products and services
725,500813,5,473173,31536000,1413.05,,,,,,,1767236400,"2026-01-01,00:00:00",2026-01-01,500813-473173,Household furnishings
726,500813,5,620120,31536000,2892.02,,,,,,,1767236400,"2026-01-01,00:00:00",2026-01-01,500813-620120,Personal taxes
727,500813,5,575030,31536000,7926.69,,,,,,,1767236400,"2026-01-01,00:00:00",2026-01-01,500813-575030,Transportation
728,500813,5,621924,31536000,930.98,,,,,,,1767236400,"2026-01-01,00:00:00",2026-01-01,500813-621924,Mortgage payments
